username,text,timestamp,url,symptom_group,keyword,label
bas.swn_,â€œMÃ¬nh chÆ°a má»Ÿ miá»‡ng nÃ³i báº£n thÃ¢n mÃ¬nh tá»‘t nhÆ°ng trong lÆ°Æ¡ng tÃ¢m mÃ¬nh chÆ°a bao giá» Ä‘á»‘i xá»­ tá»‡ vá»›i ai. NghÄ© cho ngÆ°á»i khÃ¡c vÃ  Ä‘á»‘i xá»­ tá»­ táº¿ báº£n nÄƒng cÃ²n nháº­n láº¡i Ä‘Æ°á»£c hay khÃ´ng lÃ  tuá»³ tÃ¢m. NhÆ°ng cuá»™c Ä‘á»i nÃ y Ä‘á»‘i xá»­ vá»›i nÃ³ tá»‡ quÃ¡. Cháº³ng thÆ°Æ¡ng xÃ³t tÃ­ nÃ o cáº£.â€,18/08/2024 10:25,https://www.threads.net/@bas.swn_/post/C-y84uWz0Im,worthlessness,báº£n thÃ¢n tá»‡ quÃ¡ ghÃª,0
botbeo55,"tráº§m cáº£m vá»›i cÃ¢n náº·ng quÃ¡ máº¥y bÃ¡c Æ¡i ğŸ˜­ hnay e xem láº¡i vid mÃ¬nh tá»± quay mÃ  tháº¥y báº£n thÃ¢n mÃ¬nh tháº­t tá»‡ quÃ¡ rá»“i,cÃ²n vá»n váº¹n 20 ngÃ y ná»¯a Ä‘áº¿n Táº¿t mÃ  váº«n kh thay Ä‘á»•i tháº­m chÃ­ cÃ²n ghÃª hÆ¡n ngÃ y trÆ°á»›c ná»¯a,e pháº£i lÃ m sao Ä‘Ã¢yğŸ˜­",09/01/2025 21:11,https://www.threads.net/@botbeo55/post/DEm5O2jv-c0,worthlessness,báº£n thÃ¢n tá»‡ quÃ¡ ghÃª,0
dhnl_397,MÃ¬nh khÃ´ng biáº¿t nÃ³i sao ná»¯a... nhÆ°ng mÃ  báº£n thÃ¢n mÃ¬nh tá»“i tá»‡ quÃ¡!,08/11/2024 11:02,https://www.threads.net/@dhnl_397/post/DCGKODdyyJ_,worthlessness,báº£n thÃ¢n tá»‡ quÃ¡ ghÃª,1
tanghuluu__,"tá»± nhiÃªn tháº¥y báº£n thÃ¢n há»c tá»‡ quÃ¡ thi ielts 2 láº§n trÆ°á»£t aim háº¿t 2 láº§n, uá»•ng thá»i gian cÃ´ng sá»©c tiá»n báº¡c bá» ra mÃ  váº«n trÆ°á»£t aimğŸ¥º, tháº¥y cÃ³ lá»—i vá»›i báº£n thÃ¢n quÃ¡ mng áº¡",26/02/2025 01:37,https://www.threads.net/@tanghuluu__/post/DGgZAbZTHjF,worthlessness,báº£n thÃ¢n tá»‡ quÃ¡ ghÃª,0
baongocc_0i,Má»i ngÆ°á»i Æ¡ii em lÃ  sinh viÃªn nÄƒm nháº¥t mÃ  bá»‹ 4 mÃ´n Ä‘iá»ƒm F cÃ³ tá»‡ quÃ¡ khÃ´ng áº¡ Mong má»i ngÆ°á»i cho em lá»i khuyÃªn áº¡ hiá»‡n táº¡i em Ä‘ang cáº£m tháº¥y ráº¥t má»‡t má»i vÃ  tá»± ti liÃªn tá»¥c trÃ¡ch báº£n thÃ¢n vÃ² sao khÃ´ng cá»‘ gáº¯ng hÆ¡n,19/01/2025 22:05,https://www.threads.net/@baongocc_0i/post/DFAvX2oSpbQ,worthlessness,báº£n thÃ¢n tá»‡ quÃ¡ ghÃª,1
_inn.nl,"""MÃ¬nh chÆ°a bao giá» má»Ÿ miá»‡ng nÃ³i báº£n thÃ¢n mÃ¬nh tá»‘t. NhÆ°ng trong lÆ°Æ¡ng tÃ¢m mÃ¬nh chÆ°a bao giá» Ä‘á»‘i xá»­ tá»‡ vá»›i báº¥t ká»³ ai. NghÄ© cho ngÆ°á»i khÃ¡c lÃ  báº£n nÄƒng. CÃ²n nháº­n láº¡i Ä‘Æ°á»£c hay khÃ´ng lÃ  tuá»³ tÃ¢m, nhÆ°ng cuá»™c Ä‘á»i nÃ y Ä‘á»‘i xá»­ vá»›i mÃ¬nh tá»‡ quÃ¡ Cháº³ng Ä‘Ã¡ng yÃªu chÃºt nÃ o..""",05/04/2025 20:47,https://www.threads.net/@_inn.nl/post/DIESznezZhw,worthlessness,báº£n thÃ¢n tá»‡ quÃ¡ ghÃª,0
haiyen_221,"Má»‡t má»i quÃ¡, Ä‘Ã´i chÃ¢n náº·ng quÃ¡, muá»‘n tá»« bá» quÃ¡, báº£n thÃ¢n tá»‡ quÃ¡, mÃ¬nh cÃ²n pháº£i cá»‘ gáº¯ng Ä‘áº¿n má»©c nÃ o, thay Ä‘á»•i nhÆ° tháº¿ nÃ o ná»¯a?â€¦ HÃ ng váº¡n suy nghÄ© trong Ä‘áº§u khÃ´ng cÃ³ lá»i giáº£i, Ä‘áº§u mÃ¬nh náº·ng trÄ©u hÃ ng ngÃ y. NhÆ°ng mÃ¬nh nhá»› ra mÃ¬nh váº«n Ä‘Æ°á»£c yÃªu thÆ°Æ¡ng VÃ  váº«n cÃ²n nhá»¯ng ngÆ°á»i tin tÆ°á»Ÿng (cho dÃ¹ sá»± tá»± tin dáº¡o nÃ y tá»¥t xuá»‘ng 18 táº§ng Ä‘á»‹a ngá»¥c luÃ´n rá»“i) Cá»‘ lÃªn nha",28/03/2025 23:02,https://www.threads.net/@haiyen_221/post/DHv779zTDUr,worthlessness,báº£n thÃ¢n tá»‡ quÃ¡ ghÃª,0
just.hang.outwithme,"Giáº£m Ä‘Æ°á»£c gáº§n 20 kg trong vÃ²ng 5 thÃ¡ng, báº¡n bÃ¨ ai cÅ©ng xÃºm láº¡i há»i bÃ­ quyáº¿t giáº£m cÃ¢n, khÃ´ng dÃ¡m ká»ƒ cho cÃ¡c báº¡n nghe nhá»¯ng thÃ¡ng ngÃ y bá»‹ bá»‘ máº¹ gÃ¢y Ã¡p lá»±c pháº£i giáº£m cÃ¢n Ä‘áº¿n má»©c bá»‹ tráº§m cáº£m vÃ  rá»‘i loáº¡n lo lÃ¢u, bá»‹ ngÆ°á»i nhÃ  Ã©p pháº£i nghá»‰ há»c Ä‘á»ƒ Ä‘i ""tráº¡i Ã©p má»¡"", bá»‹ báº¯t pháº£i date to marriage má»™t ngÆ°á»i hÆ¡n mÃ¬nh chá»¥c tuá»•i vÃ¬ ""cÃ³ nhÆ° váº­y ngÆ°á»i ta má»›i khÃ´ng chÃª m bÃ©o"" ğŸ˜‡ Giá» giáº£m cÃ¢n rá»“i bá»‘ máº¹ váº«n Ä‘em nhá»¯ng thÃ¡ng ngÃ y sá»‘ng dá»Ÿ cháº¿t dá»Ÿ Ä‘Ã³ Ä‘i khoe nhÆ° má»™t chiáº¿n tÃ­ch",15/12/2024 00:51,https://www.threads.net/@just.hang.outwithme/post/DDkVtk6Bgnm,worthlessness,báº£n thÃ¢n tá»‡ quÃ¡ ghÃª,0
quinneecia,Æ¯á»›c gÃ¬ cÃ¡i cÃ¡ch hÃ nh xá»­ tá»‡ háº¡i cá»§a t cÃ³ thá»ƒ Ä‘i kÃ¨m vá»›i sá»± ignorance. Äá»ƒ báº£n thÃ¢n ko pháº£i tháº¥y tá»‡ má»—i khi mÃ¬nh tá»‡. LÃ m ngÆ°á»i xáº¥u mÃ  má»‡t quÃ¡,24/05/2025 06:39,https://www.threads.net/@quinneecia/post/DKA8s02TBpn,worthlessness,báº£n thÃ¢n tá»‡ quÃ¡ ghÃª,0
thienthuongchibao,"NgÆ°á»i vÃ¬ nÃ© há» mÃ  gáº·p náº¡n,há» vÃ¬ báº£n thÃ¢n mÃ  bá» cháº¡y sá»£ liÃªn lá»¥y, tá»‡....quÃ¡. 24/5_2025.",25/05/2025 20:15,https://www.threads.net/@thienthuongchibao/post/DKE-6BgBSKO,worthlessness,báº£n thÃ¢n tá»‡ quÃ¡ ghÃª,0
haimuoiba_02,CÃ³ thá»ƒ lÃ  má»™t ngÃ y tháº­t tá»‡ khi mÃ¬nh Ä‘á»ƒ báº£n thÃ¢n pháº£i buá»“n quÃ¡ nhiá»u láº§n trong 1 ngÃ y.,26/05/2025 00:32,https://www.threads.net/@haimuoiba_02/post/DKFcW_uhwVe,worthlessness,báº£n thÃ¢n tá»‡ quÃ¡ ghÃª,0
ng.tr.khang,"ğŸ‘ŒğŸ»ğŸ“– donâ€™t worry, iâ€™m fine; Tháº¥y báº£n thÃ¢n Ä‘á»c tiáº¿ng anh tá»‡ quÃ¡ nÃªn máº¥y nay táº­p, bÃ i Ä‘áº§u tiÃªn lÃ  táº­p cho khÃ´ng sá»£ khi tháº¥y tiáº¿ng anhâ€¦",25/05/2025 18:13,https://www.threads.net/@ng.tr.khang/post/DKEw-iwPcpT,worthlessness,báº£n thÃ¢n tá»‡ quÃ¡ ghÃª,0
mehi.lick,Tá»± tháº¥y báº£n thÃ¢n tá»‡ quÃ¡ ğŸ¤¦,18/08/2024 00:36,https://www.threads.net/@mehi.lick/post/C-x5c65yyYf,worthlessness,báº£n thÃ¢n tá»‡ quÃ¡ ghÃª,1
trichdanhay.official,"""MÃ¬nh chÆ°a bao giá» má»Ÿ miá»‡ng nÃ³i báº£n thÃ¢n mÃ¬nh tá»‘t. NhÆ°ng trong lÆ°Æ¡ng tÃ¢m mÃ¬nh chÆ°a bao giá» Ä‘á»‘i xá»­ tá»‡ vá»›i báº¥t ká»³ ai. NghÄ© cho ngÆ°á»i khÃ¡c lÃ  báº£n nÄƒng. CÃ²n nháº­n láº¡i Ä‘Æ°á»£c hay khÃ´ng lÃ  tuá»³ tÃ¢m, nhÆ°ng cuá»™c Ä‘á»i nÃ y Ä‘á»‘i xá»­ vá»›i em tá»‡ quÃ¡.. Cháº³ng Ä‘Ã¡ng yÃªu chÃºt nÃ o..â€",13/01/2025 14:23,https://www.threads.net/@trichdanhay.official/post/DEwdu7PvFp7,worthlessness,báº£n thÃ¢n tá»‡ quÃ¡ ghÃª,0
nhanhseyes,Cáº£m tháº¥y báº£n thÃ¢n tá»‡ quÃ¡ ğŸ˜”,13/08/2024 20:23,https://www.threads.net/@nhanhseyes/post/C-nJWG8yGSD,worthlessness,báº£n thÃ¢n tá»‡ quÃ¡ ghÃª,1
_365days2005,"<SERIES 365DAYS HOÃ€N THIá»†N Báº¢N THÃ‚N > ChÃ o mn áº¡, mÃ¬nh lÃ m series nÃ y Ä‘á»ƒ cá»‘ gáº¯ng phÃ¡t triá»ƒn báº£n thÃ¢n hÆ¡n. MÃ¬nh Ä‘ang lÃ  sinh viÃªn nÄƒm 2 nhÆ°ng mÃ  mÃ¬nh tháº¥y mÃ´ng lung quÃ¡, há»c cÅ©ng khÃ´ng quÃ¡ giá»i, kÄ© nÄƒng giao tiáº¿p bÃ¬nh thÆ°á»ng. Äiá»u Ä‘áº§u tiÃªn mÃ¬nh muá»‘n cá»‘ gáº¯ng hÆ¡n lÃ  há»c tiáº¿ng anh vÃ¬ trÃ¬nh Ä‘á»™ tiáº¿ng anh mÃ¬nh kÃ©m quÃ¡ (mÃ¬nh tá»«ng cÃ³ quÃ£ng thá»i gian há»c TA thÃ¬ TA cá»§a mÃ¬nh khÃ´ng tá»‡ nma lÃ¢u khÃ´ng há»c khÃ´ng sá»­ dá»¥ng Ä‘áº¿n giá» nÃ³ trá»Ÿ láº¡i con sá»‘ 0). Má»i ngÆ°á»i cÃ³ biáº¿t chá»— nÃ o Dáº Y TIáº¾NG ANH uy tÃ­n chá»‰ mÃ¬nh vá»›i áº¡",20/04/2025 10:52,https://www.threads.net/@_365days2005/post/DIp2qvZTpjw,worthlessness,báº£n thÃ¢n tá»‡ quÃ¡ ghÃª,0
embe_haykhoc06,"""MÃ¬nh chÆ°a bao giá» má»Ÿ miá»‡ng nÃ³i báº£n thÃ¢n mÃ¬nh tá»‘t. NhÆ°ng trong lÆ°Æ¡ng tÃ¢m mÃ¬nh chÆ°a bao giá» Ä‘á»‘i xá»­ tá»‡ vá»›i báº¥t kÃ¬ ai. NghÄ© cho ngÆ°á»i khÃ¡c lÃ  báº£n nÄƒng. CÃ²n nháº­n Ä‘Æ°á»£c hay khÃ´ng lÃ  tuá»³ tÃ¢m, nhÆ°ng cuá»™c Ä‘á»i nÃ y Ä‘Ã´i xá»¯ vá»›i mÃ¬nh tá»‡ quÃ¡... Cháº³ng Ä‘Ã¡ng yÃªu chÃºt nÃ o.â€",28/02/2025 02:46,https://www.threads.net/@embe_haykhoc06/post/DGlqjvDBaWU,worthlessness,báº£n thÃ¢n tá»‡ quÃ¡ ghÃª,0
bubbl_blee,Tui má»›i chá»n cÃ¡ch tá»‡ nháº¥t lÃ  dá»«ng láº¡i vá»›i áº£nh chá»‰ vÃ¬ Ã¡p lá»±c trong gia Ä‘Ã¬nh vÃ  Ä‘á»i sá»‘ng xung quanh tui. Tui thÆ°Æ¡ng áº£nh nhÆ°ng mÃ  tui cÅ©ng tháº¥y thÆ°Æ¡ng báº£n thÃ¢n tui quÃ¡. Trong hÃ ng váº¡n cÃ¡ch tui váº«n chá»n cÃ¡ch rá»i xa áº£nh vÃ  tui váº«n nghÄ© Ä‘Ã³ lÃ  lá»±a chá»n tá»‘t nháº¥t cho cáº£ áº£nh vÃ  tui,26/05/2025 12:49,https://www.threads.net/@bubbl_blee/post/DKGwvYNyjTP,worthlessness,báº£n thÃ¢n tá»‡ quÃ¡ ghÃª,0
trang.mia.webetter,"Sá»± tháº­t vá» nÃ£o bá»™ CHÃšNG TA ÄANG TRÃCH MÃ“C Báº¢N THÃ‚N QUÃ NHIá»€U! CÃ³ thá»ƒ báº¡n ko nháº­n ra, nhÆ°ng má»—i láº§n fail chuyá»‡n gÃ¬, báº¡n thÆ°á»ng tá»± nghÄ© ""MÃ¬nh kÃ©m quÃ¡"", ""MÃ¬nh tá»‡ quÃ¡"",... Thá»±c ra, nhÆ° váº­y lÃ  báº¡n Ä‘ang lÃ m tá»•n thÆ°Æ¡ng nÃ£o bá»™ chÃºng ta Ä‘áº¥y! Khi báº¡n cá»© tá»± trÃ¡ch mÃ³c báº£n thÃ¢n, pháº§n nÃ£o gá»i lÃ  háº¡ch háº¡nh nhÃ¢n (amygdala) â€“ nÆ¡i kiá»ƒm soÃ¡t cáº£m xÃºc â€“ sáº½ kÃ­ch hoáº¡t. NÃ³ báº¯t Ä‘áº§u bÃ¡o Ä‘á»™ng, tiáº¿t ra nhiá»u hormone gÃ¢y cÄƒng tháº³ng nhÆ° cortisol. Äiá»u nÃ y khiáº¿n báº¡n cáº£m tháº¥y Ã¡p lá»±c, lo Ã¢u, vÃ  khÃ³ táº­p trung.",25/10/2024 09:17,https://www.threads.net/@trang.mia.webetter/post/DBh7HmiT_nb,worthlessness,báº£n thÃ¢n tá»‡ quÃ¡ ghÃª,0
acupofdumbb,"KhÃ´ng biáº¿t ná»¯a, tá»‡ quÃ¡, depressed era quay trá»Ÿ láº¡i vÃ  mÃ¬nh thá»±c sá»± k biáº¿t pháº£i lÃ m gÃ¬ vá»›i nÃ³ ngoÃ i viá»‡c khÃ³c vÃ  cáº£m tháº¥y báº£n thÃ¢n k Ä‘á»§ tá»‘t",17/01/2025 22:42,https://www.threads.net/@acupofdumbb/post/DE7p_nDzzzm,worthlessness,báº£n thÃ¢n tá»‡ quÃ¡ ghÃª,0
october.babegirl,"ChÆ°a bao giá» mÃ¬nh cáº£m nháº­n rÃµ mÃ¬nh bá»‹ báº¡o lá»±c ngÃ´n tá»« vÃ  thao tÃºng tÃ¢m lÃ½ nÆ¡i cÃ´ng sá»Ÿ nhiá»u nhÆ° nÄƒm nay. MÃ¬nh chÆ°a tá»«ng nghÄ© mÃ¬nh sáº½ rÆ¡i vÃ o tÃ¬nh huá»‘ng tá»‡ Ä‘áº¿n nhÆ° tháº¿ nÃ y. MÃ¬nh Ä‘Ã£ khÃ³c ráº¥t nhiá»u vÃ¬ cáº£m tháº¥y áº¥m á»©c khi bá»‹ báº¯t náº¡t. MÃ¬nh biáº¿t há» muá»‘n thao tÃºng mÃ¬nh lÃ m theo Ã½ há», cÃ²n mÃ¬nh chá»‰ lÃ m nhá»¯ng gÃ¬ mÃ¬nh tháº¥y Ä‘Ãºng thÃ´i. Cháº¯c mÃ¬nh pháº£i dá»«ng láº¡i thÃ´i, mÃ¬nh tháº¥y báº£n thÃ¢n tá»‡ quÃ¡!",20/01/2025 21:37,https://www.threads.net/@october.babegirl/post/DFDQ-XQzJTx,worthlessness,báº£n thÃ¢n tá»‡ quÃ¡ ghÃª,0
_iamdanw_,"Tá»‡ quÃ¡, tháº­t ra thÃ¬ chÃ­nh báº£n thÃ¢n mÃ¬nh cÅ©ng khÃ´ng biáº¿t mÃ¬nh muá»‘n gÃ¬, buá»“n vÃ¬ gÃ¬ ná»¯a, mÃ¬nh cá»© lÃ m tá»•n thÆ°Æ¡ng ngÆ°á»i thÆ°Æ¡ng mÃ¬nh, mÃ¬nh tháº¥y tháº­t tá»‡, mÃ¬nh tá»‡ vá»›i táº¥t cáº£ m.n, mÃ¬nh khÃ´ng biáº¿t nÃªn lÃ m gÃ¬ ná»¯a, Ä‘áº¿n tarot cÅ©ng khÃ´ng thá»ƒ chá»‰ cho mÃ¬nh lá»‘i Ä‘i Ä‘Ãºng. Tá»± báº£n thÃ¢n mÃ¬nh á»Ÿ trong mÆ¡ há»“. ÄÃ¡ng láº½ mÃ¬nh nÃªn má»™t mÃ¬nh",13/09/2024 00:06,https://www.threads.net/@_iamdanw_/post/C_0ynCLzm0g,worthlessness,báº£n thÃ¢n tá»‡ quÃ¡ ghÃª,0
callmetuongtuong,"Mng (nháº¥t lÃ  máº¥y Ã´ng ctrai) cho mÃ¬nh há»i náº¿u g crush cÅ© cá»§a mng, kiá»ƒu 1 ngÆ°á»i mÃ  cÃ¡c báº¡n Ä‘Ã£ tá»«ng dÃ nh tÃ¬nh cáº£m nhiá»u mÃ  ngÆ°á»i ta khÃ¡ phÅ©, tá»‡ vá»›i báº¡n nháº¯n tin láº¡i vÃ  nÃ³i nhá»› cÃ¡c báº¡n thÃ¬ cÃ¡c báº¡n sáº½ cÃ³ tÃ¢m tráº¡ng gÃ¬ áº¡ ğŸ˜­ (khoáº£ng má»›i tá»« 1m trÆ°á»›c thui, nma g 2 ngÆ°á»i váº«n lÃ m báº¡n áº¥y) TrÆ°á»›c lá»¡ Ä‘á»‘i xá»­ tá»“i vá»›i áº£nh mÃ  g há»‘i háº­n quÃ¡ huhu, muá»‘n ntin nÃ³i nhá»› nta mÃ  sá»£ nta tháº¥y khÃ³ xá»­, cÅ©ng 1 pháº§n do báº£n thÃ¢n tá»‡ quÃ¡, khÃ´ng cÃ³ máº·t mÅ©i nÃ o nÃ³i nhá»› há» ná»¯a...",01/05/2025 4:08,https://www.threads.net/@callmetuongtuong/post/DJFdONqTQkM,worthlessness,báº£n thÃ¢n tá»‡ quÃ¡ ghÃª,0
huongbii21,"CÅ©ng má»Ÿ tin nháº¯n vá»›i bá»‘ ra Ä‘á»c, tháº¥y báº£n thÃ¢n tá»“i tá»‡ quÃ¡. Há»“i trÆ°á»›c giáº­n bá»‘ máº¥y nÄƒm trá»i cháº³ng muá»‘n nÃ³i chuyá»‡n. Má»›i áº¥m Ãªm Ä‘Æ°á»£c máº¥y thÃ¡ng thÃ¬ bá»‘ Ä‘Ã£ Ä‘i rá»“i",18/01/2024 22:19,https://www.threads.net/@huongbii21/post/C2PxPOlP0Mw,worthlessness,báº£n thÃ¢n tá»‡ quÃ¡ ghÃª,0
terryzzbee,"khÃ´ng pháº£i chuyá»‡n cheating hay gÃ¬, chá»‰ lÃ  xem áº£nh cá»§a báº¡n tá»± nhiÃªn nhá»› nhá»¯ng cuá»™c nÃ³i chuyá»‡n cá»§a 2 máº¹ con nÃªn má»Ÿ láº¡i Ä‘á»c. sÃ¡ng ra Ä‘Ã£ khÃ³c Ä‘á» máº¯t",18/01/2024 08:24,https://www.threads.net/@terryzzbee/post/C2ORs_2S4bR,worthlessness,báº£n thÃ¢n tá»‡ quÃ¡ ghÃª,0
ndlong.dev,U lÃ  trá»i. Sao lÃªn cÃ¡i thread nÃ y tháº¥y toÃ n ngÆ°á»i giá»i hoáº·c Ä‘áº¹p váº­y trá»i. KhÃ´ng biáº¿t cÃ¡c báº¡n tráº» cÃ³ flex quÃ¡ Ä‘Ã  khÃ´ng chá»© nhÃ¬n cÃ¡c báº¡n xong mÃ¬nh tháº¥y báº£n thÃ¢n mÃ¬nh tá»‡ quÃ¡.,17/09/2024 08:37,https://www.threads.net/@ndlong.dev/post/DAAATeLTfSj,worthlessness,báº£n thÃ¢n tá»‡ quÃ¡ ghÃª,0
summer.lala,"T trauma vá»›i con quá»· Y1 quÃ¡ rá»“i. LÃºc cÃ¡c báº¡n máº¯ng chá»­i ngta tháº­m tá»‡ lÃ  lÃºc n nháº­n quyáº¿t Ä‘á»‹nh bá»‹ rá»i khá»i show, vá»«a bá»‹ dáº±n váº·t báº£n thÃ¢n lÃ m chÆ°a Ä‘á»§ tá»‘t cÃ²n bá»‹ báº¡o lá»±c máº¡ng Ä‘áº¥y. DÃ¹ khÃ´ng tiáº¿p tá»¥c á»Ÿ hÃ nh trÃ¬nh nÃ y nhÆ°ng mong Chung sáº½ tiáº¿p tá»¥c toáº£ sÃ¡ng á»Ÿ nhá»¯ng cÆ¡ há»™i khÃ¡c, lÄ©nh vá»±c khÃ¡c nhÃ© em Æ¡i. Huhu con quá»· Y1",18/05/2025 22:26,https://www.threads.net/@summer.lala/post/DJzMaEuSzow,worthlessness,báº£n thÃ¢n tá»‡ quÃ¡ ghÃª,0
tiu_chay,Äiá»u Ä‘Ã¡ng sá»£ nháº¥t lÃ  mÃ¬nh quÃ¡ kháº¯t khe vá»›i báº£n thÃ¢n Ä‘áº¿n lÃºc tÃ¢m tráº¡ng tá»‡ lÃ  nghÄ© tá»›i Ä‘á»“ ngá»t má»™t khi Ä‘Ã£ Äƒn lÃ  Äƒn vÃ´ tá»™i váº¡ luÃ´n Giá» mÃ¬nh luÃ´n nháº¯c nhá»Ÿ báº£n thÃ¢n â€œcÃ¢n báº±ngâ€,25/05/2025 18:18,https://www.threads.net/@tiu_chay/post/DKExmLiSwi5,worthlessness,báº£n thÃ¢n tá»‡ quÃ¡ ghÃª,0
tq_truong1808,Cáº£m tháº¥y báº£n thÃ¢n mÃ¬nh tá»‡ quÃ¡. Cáº£ hai kÃ¬ thi cá»‘ gáº¯ng bao nhiÃªu thÃ¬ káº¿t quáº£ tháº¥t vá»ng báº¥y nhiÃªu. H ko biáº¿t nÃªn nhÆ° tháº¿ nÃ o ná»¯a ğŸ˜”,17/07/2024 10:25,https://www.threads.net/@tq_truong1808/post/C9gjcCfzoXz,worthlessness,báº£n thÃ¢n tá»‡ quÃ¡ ghÃª,1
linweahl_,"Nhiá»u khi t thÆ°Æ¡ng máº¹ t quÃ¡ trá»i vÃ¬ Ä‘áº» ra Ä‘á»©a lÃ¬ nhÆ° t =))). SÃ¡ng nÃ o máº¹ cÅ©ng thá»©c t dáº­y vÃ  báº£o â€œ sao con thá»©c khuya miáº¿t váº­y â€œâ€œ sao con hÃ nh háº¡ báº£n thÃ¢n mÃ¬nh váº­y â€œâ€œsao Ä‘á»‘i xá»­ vá»›i báº£n thÃ¢n tá»‡ quÃ¡ váº­yâ€œ Máº·c dÃ¹ t biáº¿t thá»©c khuya há»ng tá»‘t nhÆ°ng mÃ  cá»© tá»›i tá»‘i lÃ  máº¯t t sÃ¡ng trÆ°ng bÃ¢y Æ¡i huhu. T cÅ©ng muá»‘n Ä‘i ngá»§ sá»›m láº¯m, t cx yÃªu báº£n thÃ¢n mÃ¬nh láº¯m mÃ  t kh ngá»§ sá»›m Ä‘Æ°á»£c huhu. ğŸ¤¡: t dÃ¬a quÃª healing, máº¹ t á»Ÿ dÆ°á»›i t á»Ÿ láº§u trÃªn vÃ  cÃ¡ch 2 máº¹ con giao tiáº¿p ğŸš©: náº±m viáº¿t post nÃ y lÃºc 2h sÃ¡ng. ThÆ°Æ¡ng máº¹ láº¯m máº¹ Æ¡i ğŸ¥²",26/06/2024 02:02,https://www.threads.net/@linweahl_/post/C8plLsEyMpF,worthlessness,báº£n thÃ¢n tá»‡ quÃ¡ ghÃª,0
bachuaovtk_,"MÃ¬nh tháº¥y ghÃ©t báº£n thÃ¢n vÃ¬ suy nghÄ© quÃ¡ nhiá»u, nhÆ°ng mÃ¬nh cÅ©ng khÃ´ng thá»ƒ ngÄƒn báº£n thÃ¢n ngá»«ng suy nghÄ©, cÃ³ cÃ¡ch gÃ¬ khÃ´ng chá»©?",02/04/2025 12:29,https://www.threads.net/@bachuaovtk_/post/DH7rgfgp5CS,worthlessness,báº£n thÃ¢n tá»‡ quÃ¡ ghÃª,1
thiiy.tr4g,"T CÅ¨NG MUá»N ÄÆ¯á»¢C YÃŠU THÆ¯Æ NG MÃ€â€¦ KhÃ´ng hiá»ƒu sao háº¿t láº§n nÃ y Ä‘áº¿n láº§n khÃ¡c khi trao tÃ¬nh cáº£m háº¿t lÃ²ng cho 1 ai Ä‘Ã³, há» Ä‘á»u gieo tÆ°Æ¡ng tÆ° rá»“i dáº­p táº¯t, quay Ä‘i mÃ  khÃ´ng má»™t chÃºt ngoáº£nh láº¡i. Báº£n thÃ¢n áº£o tÆ°á»Ÿng chÃºt hi vá»ng áº¥y láº¡i lÃ  tÃ¬nh yÃªu. CÃ³ láº½ báº£n thÃ¢n mÃ¬nh quÃ¡ tá»‡, quÃ¡ kÃ©m cá»i Ä‘á»ƒ ngÆ°á»i khÃ¡c thÃ­ch, xáº¥u nhÆ° mÃ¬nh thÃ¬ láº¥y Ä‘Ã¢u ra ngÆ°á»i yÃªu Ä‘áº¿n mÃ¬nh cÃ²n khÃ´ng yÃªu mÃ¬nh mÃ â€¦",31/01/2025 21:19,https://www.threads.net/@thiiy.tr4g/post/DFfjlojT9Mx,worthlessness,báº£n thÃ¢n tá»‡ quÃ¡ ghÃª,0
go.orii,Tá»› Ä‘á»‘i xá»­ vá»›i báº£n thÃ¢n tá»‡ quÃ¡ ğŸ˜,15/06/2024 23:25,https://www.threads.net/@go.orii/post/C8PjP38yYTt,worthlessness,báº£n thÃ¢n tá»‡ quÃ¡ ghÃª,0
ig.tolachinhminh,NÃ³i dá»‘i Ä‘Ã³: -Tá»› tháº¥y tá»•n thÆ°Æ¡ng -Tá»› muá»‘n nÃ³i ra ná»—i lÃ²ng cá»§a mÃ¬nh -Tá»› sá»£ bÃ³ng tá»‘i -Tá»› sá»£ cáº£m giÃ¡c má»™t mÃ¬nh -Tá»› khÃ´ng máº¡nh máº½ -Tá»› sá»£ má»‘i quan há»‡ xung quanh tá»› -Tá»› sá»£ bá»‹ bá» rÆ¡i Xin Ä‘á»«ng tin nhá»¯ng láº§n tá»› nÃ³i â€œKhÃ´ng saoâ€,27/02/2025 21:51,https://www.threads.net/@ig.tolachinhminh/post/DGlItvby5Ro,worthlessness,cáº£m tháº¥y bá»‹ bá» rÆ¡i,0
_yn.mt_,KhÃ´ng biáº¿t sao ná»¯a...nhÆ°ng nhiá»u lÃºc cáº£m tháº¥y mÃ¬nh bá»‹ bá» rÆ¡i trong chÃ­nh nhÃ³m báº¡n cá»§a mÃ¬nh....,22/09/2024 18:22,https://www.threads.net/@_yn.mt_/post/DAN7R23TEjU,worthlessness,cáº£m tháº¥y bá»‹ bá» rÆ¡i,0
lysylver,"T ráº¥t ghÃ©t bá»‹ silent treatment. NÃ³ lÃ  Ä‘iá»u ko tá»­ táº¿. Trong má»i má»‘i quan há»‡, t luÃ´n cá»‘ gáº¯ng Ä‘á»ƒ ng cÃ²n láº¡i k cáº£m tháº¥y há» bá»‹ bá» rÆ¡i trong má»i conversation vá»›i t. NhÆ°ng Ä‘á»•i láº¡i lÃ  nhá»¯ng dÃ²ng tin nháº¯n seen k rep. Lá»›n cáº£ rá»“i, náº¿u tháº¥y k há»£p nhau ná»¯a, thÃ¬ nÃ³i táº¡m biá»‡t 1 cÃ¡ch tá»­ táº¿ ko Ä‘c hay sao?",02/07/2024 20:25,https://www.threads.net/@lysylver/post/C87AJBYyJ_g,worthlessness,cáº£m tháº¥y bá»‹ bá» rÆ¡i,1
ngotrucnhii,"âœ¨ NgÆ°á»i ta rá»i bá» báº¡n khÃ´ng pháº£i vÃ¬ báº¡n khÃ´ng Ä‘á»§ tá»‘t, mÃ  vÃ¬ báº¡n khÃ´ng cÃ²n thÃº vá»‹! âœ¨ CÃ´ gÃ¡i thÃº vá»‹ lÃ  ngÆ°á»i luÃ´n biáº¿t cÃ¡ch lÃ m cho cuá»™c sá»‘ng cá»§a mÃ¬nh Ä‘áº§y mÃ u sáº¯c. KhÃ´ng cáº§n hoÃ n háº£o, chá»‰ cáº§n báº¡n sá»‘ng trá»n váº¹n vá»›i chÃ­nh mÃ¬nh: há»c há»i, phÃ¡t triá»ƒn vÃ  yÃªu báº£n thÃ¢n má»—i ngÃ y. ğŸ’” Náº¿u báº¡n tá»«ng cáº£m tháº¥y bá»‹ bá» rÆ¡i, hÃ£y nhá»›: váº¥n Ä‘á» khÃ´ng pháº£i á»Ÿ ngoáº¡i hÃ¬nh hay tÃ i nÄƒng, mÃ  lÃ  báº¡n Ä‘Ã£ quÃªn lÃ m cho báº£n thÃ¢n trá»Ÿ nÃªn thÃº vá»‹ hÆ¡n. ğŸ”¥ Sáºµn sÃ ng ""cá»©u"" tÃ¬nh yÃªu vÃ  chÃ­nh mÃ¬nh chÆ°a? Chi tiáº¿t ""thá»©"" cá»©u Nhi dÆ°á»›i cmt ğŸ‘‡ğŸ»",05/03/2025 12:26,https://www.threads.net/@ngotrucnhii/post/DGzk0nIh3eU,worthlessness,cáº£m tháº¥y bá»‹ bá» rÆ¡i,0
nv_p2003,Cáº£m giÃ¡c bá»‹ bá» rÆ¡i lÃ m tÃ´i tháº¥y há»¥t háº«ng:((,12/04/2025 15:49,https://www.threads.net/@nv_p2003/post/DIVyU1Rzuse,worthlessness,cáº£m tháº¥y bá»‹ bá» rÆ¡i,0
tefungquansunu,"Phá»¥ ná»¯ cÃ³ giÃ¡ trá»‹ khÃ´ng bao giá» van xin tÃ¬nh cáº£m Náº¿u anh ta khÃ´ng dÃ nh thá»i gian cho báº¡n, khÃ´ng trÃ¢n trá»ng báº¡n, khÃ´ng ná»— lá»±c vÃ¬ báº¡n Ä‘Ã³ lÃ  váº¥n Ä‘á» cá»§a anh ta, khÃ´ng pháº£i váº¥n Ä‘á» cá»§a báº¡n. ğŸ’¡ Má»™t ngÆ°á»i Ä‘Ã n Ã´ng yÃªu báº¡n sáº½ khÃ´ng Ä‘á»ƒ báº¡n cáº£m tháº¥y bá»‹ bá» rÆ¡i.",08/03/2025 10:40,https://www.threads.net/@tefungquansunu/post/DG7HEx1B0TP,worthlessness,cáº£m tháº¥y bá»‹ bá» rÆ¡i,0
kmlien20_3fac,"âŒÄ‘á»™c thÃ¢n âŒháº¹n hÃ² âœ…â€ Ä‘á»«ng Ä‘á»ƒ viá»‡c báº¡n quÃ¡ yeu má»™t ai Ä‘Ã³, trá»Ÿ thÃ nh lÃ­ do khiáº¿n ngá»«oi Ä‘Ã³ Ä‘á»‘i xá»­ tá»‡ vá»›i báº¡n. Tyeu khong pháº£i lÃ  sá»± hi sinh vÃ´ Ä‘iá»u kiá»‡n Ä‘á»ƒ bá»‹ láº¡m dá»¥ng, mÃ  lÃ  sá»± chia sáº», tÃ´n trá»ng vÃ  nÃ¢ng Ä‘á»¡ láº«n nhau. Náº¿u ai Ä‘Ã³ yÃªu báº¡n, há» sáº½ khong lÃ m báº¡n tá»•n thÆ°Æ¡ng hay khiáº¿n báº¡n cáº£m tháº¥y bá»‹ bá» rÆ¡i. HÃ£y nhá»› ráº±ng yeu báº£n thÃ¢n mÃ¬nh cÅ©ng qtrong nhÆ° yeu ngkhac. Äá»«ng Ä‘á»ƒ trÃ¡i tÃ¬m mik trá»Ÿ thÃ nh nÆ¡i Ä‘á»ƒ ai Ä‘Ã³ dá»… dÃ ng ra vÃ o mÃ  k cáº§n suy nghÄ© vá» cáº£m xÃºc cá»§a báº¡nâ€¦â€",22/04/2025 08:44,https://www.threads.net/@kmlien20_3fac/post/DIuxkb6zBfS,worthlessness,cáº£m tháº¥y bá»‹ bá» rÆ¡i,0
ln_yennvy.05_,"Xin hÃ£y tá»­ táº¿. Äá»«ng lÃ  lÃ½ do khiáº¿n ai Ä‘Ã³ bá» bá»¯a, ghÃ©t pháº£i thá»©c dáº­y hoáº·c cáº£m tháº¥y bá»‹ bá» rÆ¡i. lá»i nÃ³i vÃ  hÃ nh Ä‘á»™ng cá»§a báº¡n sáº½ gáº¯n bÃ³ vá»›i há» mÃ£i mÃ£i.",14/12/2024 14:46,https://www.threads.net/@ln_yennvy.05_/post/DDjQeOLPT2J,worthlessness,cáº£m tháº¥y bá»‹ bá» rÆ¡i,0
im_fless,"Khoáº£ng 3 thÃ¡ng trÆ°á»›c mÃ¬nh vá»«a nghá»‰ viá»‡c vÃ¬ bá»‹ Ã¡p lá»±c, thá»i Ä‘iá»ƒm Ä‘Ã³ mÃ¬nh vá»«a Ã¡p lá»±c vÃ¬ bá»‹ máº¯ng khi nghá»‰, cÅ©ng Ã¡p lá»±c bá»Ÿi gia Ä‘Ã¬nh ngÆ°á»i yÃªu, mÃ¬nh khÃ´ng Ä‘i lÃ m hÆ¡n 2 thÃ¡ng, mÃ¬nh cáº£m tháº¥y láº¡c lÃµng, ngÆ°á»i yÃªu mÃ¬nh cÅ©ng bá» rÆ¡i mÃ¬nh giá»¯a lÃºc mÃ¬nh tháº¥y tuyá»‡t vá»ng nháº¥t. Máº·c dÃ¹ chia tay 2 thÃ¡ng rá»“i, nhÆ°ng mÃ¬nh cÃ ng ngÃ y cáº£m tháº¥y khÃ´ng á»•n, mÃ¬nh tá»± lÃ m tá»•n thÆ°Æ¡ng báº£n thÃ¢n, mÃ¬nh khÃ´ng kiá»ƒm soÃ¡t Ä‘Æ°á»£c hÃ nh vi.",31/10/2024 17:23,https://www.threads.net/@im_fless/post/DByPiPly0CK,worthlessness,cáº£m tháº¥y bá»‹ bá» rÆ¡i,0
jingle__07,"nÄƒm nay mik tháº¥y sat cÃ³ váº» bá»‹ bá» rÆ¡i quÃ¡ mik aim neu, ftu mÃ  sá»£ quÃ¡ 1530 7.5 ielts xÃ©t Ä‘c ngÃ nh nÃ o ko mn ko mik Ä‘i chÄƒn bÃ² máº¥t",25/05/2025 17:24,https://www.threads.net/@jingle__07/post/DKErUlPRhCr,worthlessness,cáº£m tháº¥y bá»‹ bá» rÆ¡i,0
ca0nho,"Cáº¢M NGHÄ¨ SAU 15 NGÃ€Y XÃ€I 16 PRO MAX Sau khi em Ä‘á»•i tá»« 15PM lÃªn 16PM thÃ¬ áº¥n tÆ°á»£ng lÃºc Ä‘áº§u lÃ â€¦ sao nhÃ¬n y chang váº­y :))) Tuy nhiÃªn em luÃ´n hiá»ƒu Apple nÃ³ khÃ´ng thá»ƒ thay Ä‘á»•i quÃ¡ nhiá»u vá» ngoáº¡i hÃ¬nh vÃ¬ khÃ´ng muá»‘n ngÆ°á»i dÃ¹ng máº¥t Ä‘i tÃ­nh nháº­n diá»‡n thÆ°Æ¡ng hiá»‡u (& ngÆ°á»i dÃ¹ng cÅ© khÃ´ng cáº£m tháº¥y bá»‹ bá» rÆ¡i). VÃ  sau 15 ngÃ y xÃ i, em chá»‰ cÃ³ thá»ƒ nÃ³i: NHáº¦M TO, nÃ³ khÃ¡c háº³n 16 Pro Max áº¥y. (CÃ²n tiáº¿p bÃªn dÆ°á»›i)",21/11/2024 14:01,https://www.threads.net/@ca0nho/post/DCn9CqDyxPz,worthlessness,cáº£m tháº¥y bá»‹ bá» rÆ¡i,0
_suicao._,"máº¥t káº¿t ná»‘i, khÃ´g muá»‘n nÃ³i chuyá»‡n vá»›i mng xquanh âŒ báº¡n khÃ´ng Ä‘á»§ nÄƒng lÆ°á»£ng vÃ  cáº§n Ä‘Æ°á»£c nghá»‰ ngÆ¡i âœ… tg gáº§n Ä‘Ã¢y mÃ¬nh cáº£m giÃ¡c mÃ¬nh khÃ´ng nÃ³i chuyá»‡n Ä‘Æ°á»£c vá»›i ai hay tháº­t sá»± chia sáº» Ä‘Æ°á»£c vá»›i ai ná»¯a ( cáº£m tháº¥y bá»‹ bá» rÆ¡i vÃ  cÃ´ Ä‘Æ¡n láº¯m). Nma khÃ´ng, nhÃ¬n nháº­n láº¡i thÃ¬ mng luÃ´n á»Ÿ Ä‘Ã¢y vá»›i mÃ¬nh vÃ  chá»‰ cÃ³ mÃ¬nh tá»± tÃ¡ch biáº¿t mÃ¬nh vá»›i mng thÃ´i vÃ  lÃ  do mÃ¬nh k Ä‘á»§ nÄƒng lÆ°Æ¡ng Ä‘á»ƒ Ä‘i cf hay nch mag láº¡i tÃ­ch cá»±c cho mng. NÃªn viá»‡c mÃ¬nh cáº§n lÃ m lÃ  reset láº¡i báº£n thÃ¢n vÃ  chá»¯a lÃ nh chÃ­nh mÃ¬nh trÆ°á»›c khi chÄƒm sÃ³c cho ngkhac",29/07/2024 03:49,https://www.threads.net/@_suicao._/post/C9-vkt-yyAk,worthlessness,cáº£m tháº¥y bá»‹ bá» rÆ¡i,0
briarphuong85vn,"""CÃ³ Ä‘Ã´i lÃºc tÃ´i cáº£m tháº¥y báº£n thÃ¢n nhÆ° bá»‹ cáº£ tháº¿ giá»›i bá» rÆ¡i váº­y. TÃ´i luÃ´n chá»‰ má»™t mÃ¬nh, cÃ´ Ä‘Æ¡n má»™t mÃ¬nh, buá»“n má»™t mÃ¬nh vÃ  lÃ m má»i thá»© chá»‰ má»™t mÃ¬nh..""",12/03/2025 10:58,https://www.threads.net/@briarphuong85vn/post/DHFca0Yz0Sx,worthlessness,cáº£m tháº¥y bá»‹ bá» rÆ¡i,1
cosmetics.skincare23,Ã”ng bá»‘ thÃ¬ thÃ´i t Ä‘ nÃ³i nhÆ°ng t sá»£ con ng Chi Ka tháº­t Ä‘áº¥y. Theo tÃ¢m lÃ­ há»c thÃ¬ nÃ³ Ä‘Ãºng lÃ  kiá»ƒu ng cÃ³ tÃ­ kiáº¿n thá»©c vÃ  thÃ­ch manipulate gÃ i ng Ä‘á»‘i diá»‡n báº±ng nhá»¯ng cÃ¢u nÃ³i mÃ  náº¿u ng nghe ko vá»¯ng tÃ¢m lÃ­ sáº½ bá»‹ rÆ¡i vÃ o sá»± dáº«n dáº¯t cá»§a nÃ³ kiá»ƒu nhÆ° â€œ em chá»‹u trÃ¡ch nhiá»‡m nhá»¯ng gÃ¬ em nÃ³iâ€. LuÃ´n báº¯t ng nghe â€œxÃ¡c nháº­nâ€ giá»ng phÃ¢n tÃ­ch luáº­n Ä‘iá»ƒm thá»© nháº¥t thá»© 2 Ä‘á»ƒ lÃ m ng nghe cáº£m tháº¥y unsure vá» nhá»¯ng gÃ¬ mÃ¬nh nÃ³i. Báº£n cháº¥t nÃ³ thá»«a biáº¿t nÃ³ sai nhÃ© ğŸ¤£ nÃ³ chá»‰ cáº§n xin lá»—i chá»© phÃ¢n tÃ­ch Ä‘ gÃ¬ mÃ  láº¯m. Äá»‹nh dáº¯t Ã .,24/05/2025 10:06,https://www.threads.net/@cosmetics.skincare23/post/DKBUfzvzSlk,worthlessness,cáº£m tháº¥y bá»‹ bá» rÆ¡i,0
l.oosely,"â€œkhi Ä‘Ã£ quen dáº§n vá»›i cáº£m giÃ¡c bá»‹ bá» rÆ¡i, thÃ¬ nhá»¯ng lá»i quan tÃ¢m Ä‘á»™t ngá»™t cÅ©ng chá»‰ lÃ  lá»i nÃ³i dá»‘i.â€",04/05/2025 21:05,https://www.threads.net/@l.oosely/post/DJPABApJIOp,worthlessness,cáº£m tháº¥y bá»‹ bá» rÆ¡i,0
_iam.hanniee_,Ã lÃ  dÃ¹ Ä‘Ãºng lÃ  tÃ´i cÃ³ cáº£m tÃ¬nh tháº­t nma cÃ³ 2 thá»© khiáº¿n tÃ´i sá»£ vl 1. ÄÃ£ quÃ¡ lÃ¢u r k yÃªu Ä‘Æ°Æ¡ng nÃªn quÃªn máº¥t cÃ¡ch yÃªu Ä‘Æ°Æ¡ng-> sá»£ ngta cáº£m tháº¥y bá»‹ bá» rÆ¡i trong mqh Ã½ mÃ  t cx kbt h pháº£i pháº£n á»©ng hay ntn trong má»™t mqh cáº£ğŸ¥² 2. HÆ¡i riÃªng tÆ° cÃ¡ nhÃ¢n nÃªn Ä‘ share,16/11/2024 02:24,https://www.threads.net/@_iam.hanniee_/post/DCZ1Uq0hf0u,worthlessness,cáº£m tháº¥y bá»‹ bá» rÆ¡i,0
luuminhchau3,"Má»i ngÆ°á»i Æ¡i, cÃ¡i cáº£m giÃ¡c á»Ÿ ngoÃ i Ä‘Æ°á»ng thÃ¬ siÃªu siÃªu nÄƒng lÆ°á»£ng, lÃºc nÃ o cÅ©ng tÃ­ch cá»±c, vui váº»,yÃªu Ä‘á»i,nhÆ°ng sÃ¢u bÃªn trong thá»‰nh thoáº£ng tháº¥y cÃ´ Ä‘Æ¡n vÃ  mn bá» rÆ¡i mÃ¬nh ( em tá»± cáº£m giÃ¡c tháº¿ chá»© thá»±c ra lÃ  khÃ´ng há» cÃ³ ). Vá» nhÃ  á»Ÿ má»™t mÃ¬nh thÃ¬ bá»‹ tá»¥t mood,cáº£m tháº¥y buá»“n bÃ£,chÃ¡n náº£n, siÃªu Ä‘au Ä‘áº§u,má»‡t má»i lÃ  bÃ¬nh thÆ°á»ng khÃ´ng áº¡ ? ğŸ¥²",13/12/2024 20:55,https://www.threads.net/@luuminhchau3/post/DDhV4exzHTy,worthlessness,cáº£m tháº¥y bá»‹ bá» rÆ¡i,1
chunnchipponenlacuatao,Sau khi xem mÆ°a lá»­a ngÃ y hÃ´m qua vá» chá»‰ cáº£m tháº¥y thÆ°Æ¡ng Bá»‘ Ba nhiá»u hÆ¡n má»™t chÃºt â¤ï¸ğŸ’™ Bá»‹ sá»£ cáº£m giÃ¡c nhÃ¬n tháº¥y ngÆ°á»i mÃ¬nh yÃªu thÆ°Æ¡ng rÆ¡i nÆ°á»›c máº¯t. TÃ´i thÆ°Æ¡ng há» láº¯m ğŸ«‚ğŸ«‚ğŸ«‚ğŸ«‚ ATVNCGMOVIE,17/05/2025 09:17,https://www.threads.net/@chunnchipponenlacuatao/post/DJvNRz-Pb-E,worthlessness,cáº£m tháº¥y bá»‹ bá» rÆ¡i,0
_ththanh08,"Ã lÃ  nhÃ¡, Ä‘Ã´i lÃºc nhÃ©, ngÆ°á»i chá»n nÃ³i ra lá»i tá»« biá»‡t láº¡i lÃ  ngÆ°á»i Ã´m ná»—i Ä‘au lÃ¢u nháº¥t Ã­, nÃªn Ä‘Ã´i khi nhÃ¬n láº¡i thÃ¬ ngÆ°á»i cáº£m tháº¥y bá»‹ bá» rÆ¡i láº¡i lÃ  ngÆ°á»i nÃ³i lá»i tá»« biá»‡t. Trong mqh khÃ´ng Ä‘Æ°á»£c tÃ´n trá»ng khÃ´ng Ä‘Æ°á»£c Æ°u tiÃªn cÅ©ng cháº³ng Ä‘Æ°á»£c yÃªu thÆ°Æ¡ng nhÆ°ng vÃ¬ yÃªu nhiá»u cáº£m giÃ¡c Ä‘i thÃ¬ khÃ´ng ná»¡ mÃ  á»Ÿ thÃ¬ khÃ´ng Ä‘Æ°á»£c yÃªu nÃ³ khÃ³ táº£ láº¯m. CÃ²n tÃ¬nh cáº£m mÃ  cÃ¡i cÃ¡ch nÃ³ yÃªu cá»© dá»“n mÃ¬nh pháº£i dá»«ng láº¡i.",14/03/2025 04:07,https://www.threads.net/@_ththanh08/post/DHJ24isTN1_,worthlessness,cáº£m tháº¥y bá»‹ bá» rÆ¡i,0
tarotby7777,"Äá»«ng lo!! Náº¿u báº¡n Ä‘ang á»Ÿ tráº¡ng thÃ¡i cá»§a 5 of Pentacles (cáº£m tháº¥y bá»‹ bá» rÆ¡i, khÃ´ng gÃ¬ thuáº­n lá»£i, cÃ´ng viá»‡c hiá»‡n táº¡i trá»Ÿ thÃ nh gÃ¡nh náº·ng cá»§a báº¡n, hoáº·c báº¡n khÃ´ng thá»ƒ tÃ¬m Ä‘Æ°á»£c cÃ´ng viá»‡c má»›i), thÃ¬ Diamond cho tháº¥y ráº±ng, báº¡n sáº¯p nháº­n Ä‘Æ°á»£c má»™t ""mÃ³n quÃ "" (theo cáº£ nghÄ©a Ä‘en lÃ  quÃ  váº­t cháº¥t, quÃ  cÆ¡ há»™i má»›i, hoáº·c ""key"" Ä‘á»ƒ giáº£i quyáº¿t tÃ¬nh hÃ¬nh hiá»‡n táº¡i).",08/12/2024 22:28,https://www.threads.net/@tarotby7777/post/DDUopRRTDtu,worthlessness,cáº£m tháº¥y bá»‹ bá» rÆ¡i,0
ransakura1509,"Trung bÃ¬nh ""náº¿t ngang xinh Ä‘áº¹p"" cá»§a ğŸŒµ: mÃ¡ mÃ¬ dá»—i vÃ¬ cáº£m tháº¥y bá»‹ bá» rÆ¡i, nhá» má»›i dá»— cÃ³ 1 láº§n khÃ´ng Ä‘Æ°á»£c liá»n phá»“ng mÃ¡ quay pháº¯t Ä‘i Ä‘Ã²i dá»—i ngÆ°á»£c láº¡i mÃ¡ mÃ¬ luÃ´n tr Æ¡i lÃ  tr con vá»›i cháº³ng cÃ¡i :))))))))))",10/04/2025 19:17,https://www.threads.net/@ransakura1509/post/DIRAA5lzkaw,worthlessness,cáº£m tháº¥y bá»‹ bá» rÆ¡i,0
_chang.hht_,"TÃŒM MÃˆO!! Gia Ä‘Ã¬nh láº¡c máº¥t em tá»« 11h30 trÆ°a nay quanh khu Kim MÃ£. Em Ä‘ang bá»‹ Ä‘au máº¯t vÃ  háº¯t xÃ¬. Em nhá» hÃ ng xÃ³m check cam thÃ¬ tháº¥y em cháº¡y dÆ°á»›i lÃ²ng Ä‘Æ°á»ng nÃªn cÃ³ má»™t chá»‹ gÃ¡i Ä‘i SH Mode Ä‘Ã£ ngÄƒn Ä‘Æ°á»£c em láº¡i rá»“i báº¿ em Ä‘i vÃ¬ tÆ°á»Ÿng em bá»‹ bá» rÆ¡i. Em cáº£m Æ¡n chá»‹ nhiá»u, mong chá»‹ Ä‘á»c Ä‘Æ°á»£c bÃ i hÃ£y liÃªn há»‡ sÄ‘t 0796191999 cho em vá»›i áº¡ğŸ˜­ Ráº¥t mong má»i ngÆ°á»i giÃºp Ä‘á»¡ áº¡. MÃ¨oCon",09/04/2025 14:26,https://www.threads.net/@_chang.hht_/post/DIN6azVTWXL,worthlessness,cáº£m tháº¥y bá»‹ bá» rÆ¡i,0
_kh.lihhh,"mÃ¬nh ghÃ©t cáº£m giÃ¡c bá»‹ bá» rÆ¡i, mÃ¬nh nháº¡y cáº£m vá»›i nhá»¯ng lá»i nÃ³i hay nhá»¯ng hÃ nh Ä‘á»™ng nhá» lÃ m mÃ¬nh tháº¥y tá»§i thÃ¢n mÃ¬nh báº¯t Ä‘áº§u suy nghÄ© nhÆ°ng mÃ¬nh kh biáº¿t pháº£i lÃ m nhÆ° nÃ o cáº£â€¦ mÃ¬nh ghÃ©t cáº£m giÃ¡c Ä‘Ã³ vÃ´ cÃ¹ng â˜ºï¸",24/03/2025 13:05,https://www.threads.net/@_kh.lihhh/post/DHkkeRxSRlg,worthlessness,cáº£m tháº¥y bá»‹ bá» rÆ¡i,0
trangnguyen20609,""" Tá»± nhiÃªn cáº£m tháº¥y mÃ¬nh xá»©ng Ä‘Ã¡ng bá»‹ bá» rÆ¡i, vÃ¬ báº£n thÃ¢n mÃ¬nh khÃ´ng Ä‘Æ°á»£c tá»‘t. """,14/09/2024 19:57,https://www.threads.net/@trangnguyen20609/post/C_5fzs_z612,worthlessness,cáº£m tháº¥y bá»‹ bá» rÆ¡i,0
entipitiiiii17,"Ã nÃ , qtrong lÃ  báº¡n Ä‘á»«ng cáº£m tháº¥y bá»‹ bá» rÆ¡i Ã½, chá»‰ Ä‘Æ¡n giáº£n lÃ  há» rá»i Ä‘i, nhÆ° xe khÃ¡ch váº­y. KhÃ¡ch xuá»‘ng xe, xe cháº¡y tiáº¿p chá»© ai láº¡i báº£o khÃ¡ch bá» rÆ¡i xe. Náº¿u báº­n tÃ¢m thÃ¬ há»i thá»­ xem táº¡i sao. Nhiá»u khi báº¡n kia chá»‰ Ä‘Æ¡n giáº£n lÃ  báº­n, má»‡t má»i, stress, ghÃ©t nhÃ¢n loáº¡i nÃªn im láº·ng, cÅ©ng Ä‘ang thÃºt thÃ­t Ä‘Ã¢u Ä‘Ã³ cáº§n ng há»i han",09/08/2024 22:58,https://www.threads.net/@entipitiiiii17/post/C-dH4H0yKXV,worthlessness,cáº£m tháº¥y bá»‹ bá» rÆ¡i,0
dnkyen_,"| NIá»€M VUI KHI CHáº Y Bá»˜ | Chiá»u hÃ´m nay, váº«n nhÆ° má»i khi mÃ¬nh sáº½ ra cÃ´ng viÃªn cháº¡y bá»™, mÃ¬nh thÆ°á»ng Ä‘eo tai nghe rá»“i cháº¡y má»™t mÃ¬nh thÃ´i. CÅ©ng muá»‘n Ä‘Æ°á»£c cháº¡y chung vá»›i má»i ngÆ°á»i nhÆ°ng mÃ  mÃ¬nh ngáº¡i Ã­. NhÆ°ng hÃ´m nay, mÃ¬nh quen Ä‘Æ°á»£c cÃ¡c chÃº vÃ  anh chá»‹ trong team cháº¡y bá»™. Má»i ngÆ°á»i Ä‘Ã£ ráº¥t lÃ  nhiá»‡t tÃ¬nh báº¯t chuyá»‡n Ä‘á»ƒ mÃ¬nh khÃ´ng cáº£m tháº¥y bá»‹ bá» rÆ¡i vÃ  cÃ²n hÆ°á»›ng dáº«n mÃ¬nh cháº¡y sao cho Ä‘Ãºng ná»¯a. LÃºc Ä‘Ã³ mÃ¬nh vui kinh khá»§ng luÃ´n vÃ  cáº£m tháº¥y ráº±ng cuá»™c sá»‘ng nÃ y sao mÃ  dá»… thÆ°Æ¡ng quÃ¡ trá»i luÃ´n Ã¡ â¤ï¸",27/06/2024 23:19,https://www.threads.net/@dnkyen_/post/C8ucHGRBAdJ,worthlessness,cáº£m tháº¥y bá»‹ bá» rÆ¡i,0
ifuknowyk.2,Tháº­t sá»± mÃ¬nh cáº£m tháº¥y mÃ¬nh khÃ´ng thá»ƒ chÆ¡i vá»›i báº¥t kÃ¬ nhÃ³m báº¡n nÃ o cáº£.. lÃºc nÃ o cÅ©ng cáº£m tháº¥y mÃ¬nh bá»‹ bá» rÆ¡i láº¡i má»™t mÃ¬nh vÃ  cÅ©ng tá»« Ä‘áº¥y mÃ¬nh cÅ©ng dáº§n cÃ´ láº­p mÃ¬nh khá»i há».. khÃ´ng biáº¿t cÃ³ pháº£i do mÃ¬nh overthink khÃ´ng nhá»‰?,13/10/2024 23:18,https://www.threads.net/@ifuknowyk.2/post/DBEh2MyyIhg,worthlessness,cáº£m tháº¥y bá»‹ bá» rÆ¡i,0
_xanhnotxanh,bá»‹ bá» rÆ¡i nhiá»u Ä‘áº¿n má»©c cáº£m tháº¥y bÃ¬nh thÆ°á»ng,23/10/2024 00:09,https://www.threads.net/@_xanhnotxanh/post/DBby1OzyVhd,worthlessness,cáº£m tháº¥y bá»‹ bá» rÆ¡i,0
maianhngo_1211,Báº¯t Ä‘áº§u máº¥y ngÃ y da xáº¥u vÃ ng á»‡ch lÃªn má»¥n vÃ  cáº£m tháº¥y bá»‹ bá» rÆ¡i ğŸ˜µğŸ˜µâ€ğŸ’«,24/05/2025 22:37,https://www.threads.net/@maianhngo_1211/post/DKCqWukzS4D,worthlessness,cáº£m tháº¥y bá»‹ bá» rÆ¡i,0
jinkyeong0103,"Vá»‘n hÃ´ng cÃ³ Ä‘am mÃª cung hoÃ ng Ä‘áº¡o trc giá»,cÅ©ng k cÃ³ Ã½ Ä‘á»‹nh xem báº¥t kÃ¬ thá»© gÃ¬ liÃªn quan Ä‘áº¿n bÃ³i toÃ¡n,nay buá»“n buá»“n chat con gpt há»i xÃ  lÆ¡ xÃ m bá»™ Ä‘Ã´i Song NgÆ°-Song Tá»­ cÃ³ háº¡p chÆ¡i thÃ¢n nhau khÃ´ng bá»Ÿi nghe nÃ³i vá»‘n cÃ¡i bá»™ nÃ y nhiá»u Ä‘á»‘i láº­p khÃ³ hoÃ  há»£p mÃ  tháº¥y 2 nhÃ³c nhá» nhÃ  mÃ¬nh s mÃ  Ä‘á»‘ tÃ¡ch Ä‘c cÆ¡ mÃ ,Ä‘á»c chÆ¡i thÃ¬ phÃ¡t hiá»‡n cÅ©ng cÃ³ vÃ i cÃ¡i thÃº vá»‹ cÅ©ng giá»‘ng giá»‘ng vui vui tháº¿ lÃ y lÃ y mÃ¬nh sáº½ kÃ¨m theo biá»ƒu hiá»‡n thá»±c táº¿ ngoÃ i Ä‘á»i mÃ  mÃ¬nh tháº¥y tÆ°Æ¡ng Ä‘á»“ng thÃº vá»‹ hay hay cho mn vui nhÃ© (Äá»c tÃ­p trong cmt)",12/05/2025 9:26,https://www.threads.net/@jinkyeong0103/post/DJiTGDSSm3I,worthlessness,cáº£m tháº¥y bá»‹ bá» rÆ¡i,0
lv5vanc,"á»Ÿ Ä‘Ã¢y tÃ´i cÃ³ máº«u NDA aka thoáº£ thuáº­n khÃ´ng tiáº¿t lá»™ Ä‘Ã£ Ä‘Æ°á»£c dÃ¹ng bá»Ÿi má»™t sá»‘ táº­p Ä‘oÃ n lá»›n, Ä‘Æ°á»£c duyá»‡t bá»Ÿi bá»‘ cá»§a cÃ¡c luáº­t sÆ°, nháº¥n Ã©t Ã´ Ã©t náº¿u báº¡n cáº§n âœŒğŸ» p/s: viá»‡c Ä‘Äƒng NDA cÃ´ng khai cÅ©ng lÃ  vi pháº¡m Ä‘iá»u khoáº£n, cÃ³ thá»ƒ mai sáº½ tu Ä‘Ã¬ ğŸ¤¡",26/05/2025 01:08,https://www.threads.net/@lv5vanc/post/DKFgePxyPIT,worthlessness,khÃ´ng ai cáº§n tÃ´i,0
_maicuathanh_,TÃ´i chá»‰ cáº§n cÃ¡i vÃ© ná»¯a thÃ´i huhu ğŸ˜­ tháº­t sá»± Ä‘áº§u Ã³c t khÃ´ng lÃ m ná»•i gÃ¬ ná»¯a,26/05/2025 13:58,https://www.threads.net/@_maicuathanh_/post/DKG4n2lxufw,worthlessness,khÃ´ng ai cáº§n tÃ´i,0
v.t.h.n.qn,Tiáº¿ng chÃºng tÃ´i vang rá»«ng nÃºi Sao khÃ´ng ai tráº£ lá»i ğŸ˜†,25/05/2025 19:26,https://www.threads.net/@v.t.h.n.qn/post/DKE5OlCSnJn,worthlessness,khÃ´ng ai cáº§n tÃ´i,0
yenanled_xilef__,TÃ”I ğŸ—£ï¸ KHÃ”NG ğŸ—£ï¸ Cáº¦N ğŸ—£ï¸ KE ğŸ—£ï¸ KE ğŸ—£ï¸ Cáº¦N ğŸ—£ï¸ TÃ”I,26/05/2025 01:12,https://www.threads.net/@yenanled_xilef__/post/DKFg5o9y6gU,worthlessness,khÃ´ng ai cáº§n tÃ´i,0
qanhiee__,"TÃ´i nghÄ© tÃ´i khÃ´ng cáº§n cáº§u nguyá»‡n cho Jeong Jaehyun khÃ´ng bá»‹ dÃ­nh dá»›p vÃ¬ lÃ  Ä‘áº¡i sá»© Prada mÃ  tÃ´i pháº£i cáº§u nguyá»‡n cho Jeong Jaehyun khÃ´ng cÃ³ thÃªm nhá»¯ng thÃ nh pháº§n fan/nonfan bá»‹ áº£o Ä‘Ã¡ nhÆ° z nÃ¨ ğŸ˜€ğŸ˜€ Cuá»™c Ä‘á»i Jeong Jaehyun 10 nÄƒm háº¿t mÃ¬nh hoáº¡t Ä‘á»™ng nghá»‡ thuáº­t qua miá»‡ng cÃ¡c báº¡n tá»± nhiÃªn thÃ nh con trai nhÃ  tÃ i phiá»‡t, má»™t tay che trá»i, sá»‘ng áº©u, láº¥y vá»£ lÃ m á»Ÿ KFC cÃ³ 8 Ä‘á»©a con khÃ´ng ai biáº¿t ğŸ˜€",10/03/2025 20:33,https://www.threads.net/@qanhiee__/post/DHBUhZfTRMh,worthlessness,khÃ´ng ai cáº§n tÃ´i,0
ffstore.vn,KhÃ´ng ai cáº£ TÃ´i: Ä‘á»™ thÃ¢n thiá»‡n: 99% kháº£ nÄƒng giao tiáº¿p: 1%ğŸ˜‡,26/05/2025 12:59,https://www.threads.net/@ffstore.vn/post/DKGx0ujyIUH,worthlessness,khÃ´ng ai cáº§n tÃ´i,0
phdungdanglammkt_say2,"KhÃ´ng ai cáº£: CÃ´ng ty tui chá»‰ nhÃ¢n viÃªn cÃ¡ch viáº¿t, sá»­a lá»—i CV...=))) VÃ  sau Ä‘Ã¢y lÃ  1 sá»‘ tips, tÃ´i lá»m Ä‘Æ°á»£c vÃ  share cho cÃ¡c mom nÃ¨: 1. Vá» ná»™i dung: CÃ¡c mom pháº£i thÃªm Ä‘Æ°á»£c má»¥c tiÃªu ngáº¯n háº¡n, dÃ i háº¡n nha, vÃ¬ khi cÃ¡c báº¡n xÃ¡c Ä‘á»‹nh vÃ  hiá»ƒu Ä‘Æ°á»£c báº£n thÃ¢n muá»‘n gÃ¬ vÃ  viáº¿t vÃ o CV thÃ¬ HR má»›i hiá»ƒu Ä‘Æ°á»£c lÃ  báº¡n cáº§n gÃ¬ vÃ  cÃ³ phÃ¹ há»p vá»›i job hay khÃ´ng Chá»‰ thÃªm nhá»¯ng ká»¹ nÄƒng phÃ¹ há»£p vá»›i vá»‹ trÃ­ báº¡n apply thÃ´i. Äá»«ng tham, vÃ¬ cho quÃ¡ nhiá»u nhá»¯ng ká»¹ nÄƒng mÃ  khÃ´ng phÃ¹ há»£p vá»›i cÃ´ng viá»‡c thÃ¬ cÃ³ thá»ƒ...xem thÃªm á»Ÿ cmt",17/12/2024 23:17,https://www.threads.net/@phdungdanglammkt_say2/post/DDr5YgwvaXh,worthlessness,khÃ´ng ai cáº§n tÃ´i,0
__alre__,TÃ´i lÃ  náº¡n nhÃ¢n cá»§a Ä‘Ãªm nháº¡c/fmt/event quy Ä‘á»‹nh cÃ³ quy Ä‘á»‹nh dress-code ğŸ˜­ğŸ¤š KhÃ´ng ai cáº¥m tÃ´i máº·c Ä‘á»“ bÃ¬nh thÆ°á»ng nhÆ°ng cÃ¡i nÆ° tÃ´i cÃ³ dress-code mÃ  khÃ´ng theo thÃ¬ tháº­t phÃ­ pháº¡m ğŸ’” TÃ´i nÃ³i Ä‘Ãªm nháº¡c Trung ThÃ nh Duy Ãi Ä‘áº¥y ğŸ«µ giá» pháº£i kiáº¿m xem Ä‘á»“ retro lÃ  máº·c gÃ¬ nÃ¨ ğŸ˜­ğŸ˜­,26/05/2025 15:09,https://www.threads.net/@__alre__/post/DKHAvQnz2-A,worthlessness,khÃ´ng ai cáº§n tÃ´i,0
kh_chaauu,â—ï¸khÃ´ng ai cáº£. ğŸ§ğŸ»â€â™€ï¸: tÃ´i vá»™i make up Ä‘i chÆ¡i mÃ  ngá»“i cáº£ vÃ o khay mi giáº£ khÃ´ng cáº§n keo =))),31/03/2025 20:07,https://www.threads.net/@kh_chaauu/post/DH3WUiHBBYe,worthlessness,khÃ´ng ai cáº§n tÃ´i,0
vanniele193,"KhÃ´ng ai cáº£...TÃ´i lÃ  náº¡n nhÃ¢n cá»§a cÃ¢u ""Tháº¿ chá»‹ Ä‘áº¿n tá»« Ä‘Ã¢uuu"" kÃ¨m khuÃ´ng máº·t cÃºn con vÃ  cÃ¡i báº¯t tay sau 4 tiáº¿ng xáº¿p hÃ ng trong tÃ¬nh tráº¡ng Æ°á»›t nhem, bÆ¡ phá» vÃ¬ trá»n combo vá»«a Ä‘i cÃ´ng tÃ¡c vá» phi vá»™i tá»›i liá»n + mÆ°a to ğŸ˜ŒğŸ˜ŒğŸ˜Œ Xong vá» xem láº¡i suá»™c tá»± tháº¥y sao t nch vs Idol tá»‰nh rá»¥i zi, hok khÃ¡c gÃ¬ kiá»ƒu t nch vs bá»n báº¡n t dÃ¹ lÃºc Ä‘Ã³ run vch vs kiá»ƒu pháº£i rÃ¡ng nghÄ© nÃ³i cÃ¡i gÃ¬ cho nhanh táº¡i cÃ³ vÃ i chá»¥c giÃ¢y ğŸ˜‚ğŸ¤£",25/05/2025 18:59,https://www.threads.net/@vanniele193/post/DKE2D2zSUJl,worthlessness,khÃ´ng ai cáº§n tÃ´i,0
nc.vananh,Ãª ká»ƒ tui nghe láº§n Ä‘áº§u gáº·p DÆ°Æ¡ng cá»§a máº¥y bÃ  ÄÃ´ i,24/05/2025 11:16,https://www.threads.net/@nc.vananh/post/DKBcZx3yQ-J,worthlessness,khÃ´ng ai cáº§n tÃ´i,0
free_wildling,"TÃ´i dáº§n hiá»ƒu vÃ¬ sao ngÆ°á»i ta pháº£i káº¿t hÃ´n vÃ  sinh con hoáº·c nuÃ´i thÃº cÆ°ng. CÃ³ láº½ lÃ  Ä‘á»ƒ cáº£m tháº¥y sá»± tá»“n táº¡i cá»§a báº£n thÃ¢n quan trá»ng vÃ  cÃ³ Ã½ nghÄ©a hÆ¡n. Náº¿u khÃ´ng cÃ³ ai dá»±a vÃ o mÃ¬nh, khÃ´ng cÃ³ ai cáº§n mÃ¬nh thÃ¬ viá»‡c mÃ¬nh tá»“n táº¡i hay khÃ´ng cÅ©ng cháº³ng áº£nh hÆ°á»Ÿng tá»›i ai. NhÆ°ng náº¿u cÃ³ má»™t (hoáº·c nhiá»u) ngÆ°á»i cáº§n tá»›i mÃ¬nh, dá»±a vÃ o mÃ¬nh. Cháº³ng pháº£i mÃ¬nh sáº½ trÃ¢n trá»ng cuá»™c sá»‘ng nÃ y hÆ¡n ráº¥t nhiá»u hay sao.",13/03/2025 19:54,https://www.threads.net/@free_wildling/post/DHI-gpxSvDx,worthlessness,khÃ´ng ai cáº§n tÃ´i,0
jilongjun_thaingan,"Triá»‡u háº¡t mÆ°a khÃ´ng rÆ¡i nháº§m chá»—, nhÆ°ng rÆ¡i trÃºng con dÃ¬ sáº½ giÆ°Æ¡ng Ã´ â˜”ï¸ â€”- Thá», náº¿u cÃ³ cuá»™c thi dáº½ fanart theo concept ká»³ láº¡ khÃ´ng ai hiá»ƒu ná»•i cho idol, jilongjun khÃ´ng cáº§n bÃ¡n nhÃ  bÃ¡n xe váº«n quÃ¡n quÃ¢n â˜ºï¸ TÆ°Æ¡ng tÃ¡c dÃ¬ chÃ¡u Ä‘Ã¡ng yÃªu xÄ©u mÃ  tá»›i tÃ´i dáº½ thÃ¬ nÃ³ láº¡ láº¯m â˜ºï¸ BBTran BuiCongNam",24/11/2024 17:43,https://www.threads.net/@jilongjun_thaingan/post/DCwE4_jzx5V,worthlessness,khÃ´ng ai cáº§n tÃ´i,0
qp.eunkyeong__,TÃ´i cáº§n tÃ¬m fic FirstKhao hoáº·c cÃ¡c nvat cá»§a há». CÃ¡c báº£nh Æ¡i khÃ´ng ai trÃªn Ä‘Ã¢y Ä‘u FK hay sao????,04/07/2024 11:55,https://www.threads.net/@qp.eunkyeong__/post/C8_PWmgph9Y,worthlessness,khÃ´ng ai cáº§n tÃ´i,0
_sweetsope_,SAO KHÃ”NG AI WARNING TÃ”I LÃ€ ROCKER CÃ“ THá»‚ HÃT NHáº C TÃŒNH NHÆ¯ THáº¾ Váº¬Y áº ???????,26/05/2025 13:17,https://www.threads.net/@_sweetsope_/post/DKGzxl2x_sr,worthlessness,khÃ´ng ai cáº§n tÃ´i,0
binaholic,Dáº¡o nÃ y cá»© bá»‹ may máº¯n Ã½ trá»™m vÃ­a ğŸ˜† Ai cáº§n ÄÃ o liá»…u khÃ´ng áº¡ tÃ´i pass ráº» cho ğŸ˜Š,16/05/2025 00:16,https://www.threads.net/@binaholic/post/DJrqgncvNVV,worthlessness,khÃ´ng ai cáº§n tÃ´i,0
minanh.study,"KhÃ´ng ai cáº£: TÃ´i chá»‰ yÃªn tÃ¢m ngá»§ khi lÃ m xong 2 Ä‘á» Anh, 1 Ä‘á» ToÃ¡n, 1 Ä‘á» VÄƒn ğŸ¤¡",26/05/2025 16:30,https://www.threads.net/@minanh.study/post/DKHKA5gMVhn,worthlessness,khÃ´ng ai cáº§n tÃ´i,0
_thyuz.myu_,KhÃ´ng ai cáº£ TÃ´i: Ä‘á»™ thÃ¢n thiá»‡n: 95% kháº£ nÄƒng giao tiáº¿p: 5%,26/05/2025 00:08,https://www.threads.net/@_thyuz.myu_/post/DKFZnUHzNH2,worthlessness,khÃ´ng ai cáº§n tÃ´i,0
khanhchiiiiiii,KhÃ´ng ai cáº£ nhma tÃ´i vÃ´ tÃ¬nh mÃª anh nÃ y á»Ÿ cÃ¡i MV cá»§a UEH xong tÃ´i quyáº¿t tÃ¢m vÃ o UEH kÃ­m anh nÃ y báº±ng Ä‘Æ°á»£c =))) VÃ  tui Ä‘áº­u UEH rá»“i thay Ä‘á»•i báº£n thÃ¢n Ä‘á»“ Ä‘Ã³ Cáº£m Æ¡n 2 @hurrykhang nhÃ¨o =))) sau má»›i bÃ­t áº£nh ná»•i tiáº¿ng bÃ¢y Æ¡i bÃ¢y P.s: HÃ¹i Ä‘Ã³ lÃ  mÃª anh Pháº¡m Báº£o Khang K43 cÃ²n giá» lÃ  mÃª HURRYKNG táº»n táº»n =)))),26/05/2025 12:52,https://www.threads.net/@khanhchiiiiiii/post/DKGwlYSTXk3,worthlessness,khÃ´ng ai cáº§n tÃ´i,0
bonappetit_toutlemonde,KO AI NGáº¤T á» ATSH!!! CHá»œ XÃU!!!!!!! TÃ´i cÃ³ tin juan tá»« ngÆ°á»i Ä‘á»©ng ngay Ä‘Ã³ âœŒğŸ»THáº¬T RA KHÃ”NG CÃ“ AI NGáº¤T Háº¾T vÃ  báº¡n nÃ y Ä‘ang gÃ¢y chÃº Ã½ Ä‘á»ƒ láº¥y chá»— rá»™ng rÃ£i hÆ¡n ğŸ™ƒ mÃ  khÃ´ng pháº£i 1 ng ká»ƒ mÃ  4 ngÆ°á»i báº¡n ko quen biáº¿t nhau cá»§a tÃ´i Ä‘i ATSH áº¡. Báº£o an zÃ´ há»i báº¡n â€œngáº¥tâ€ cÃ³ muá»‘n Ä‘i ra ko thÃ¬ báº¡n Ä‘Ã³ báº£o ko????? Máº¥y báº¡n nÃ y Ä‘i tá»« sá»›m vÃ  dÃ n chá»— láº¥n lÆ°á»›t tá»« 3-4h r Ã½ Ai cÅ©ng Ä‘i thÃ¬ cho xin thÃªm cÃ¢u chuyá»‡n vs áº¡ chá»© ngÆ°á»i á»Ÿ nhÃ  Ä‘Ã i bÃ¡o gÃ¬ nghe Ä‘Ã³ Ai cáº§n soundcheck drama cÃ³ liá»n ğŸ”Š viral vÃ¬ má»™t tháº¿ há»‡ ko bá»‹ dáº¯t mÅ©i ğŸ¤¥,08/12/2024 14:21,https://www.threads.net/@bonappetit_toutlemonde/post/DDTw59MPkkU,worthlessness,khÃ´ng ai cáº§n tÃ´i,0
thutrang_hrdethuong,"Tuyá»ƒn nhÃ¢n sá»±: GÃ• VÄ‚N Báº¢N Äá»€ CÆ¯Æ NG MÃ¬nh cáº§n ngÆ°á»i gÃµ giÃ¡o Ã¡n, Ä‘á» cÆ°Æ¡ng vÃ  bÃ i táº­p GiÃ¡ cáº£: 30k/ 1 bÃ i ( Ä‘á»‘i vá»›i bÃ i ngáº¯n) 60k/ 1 bÃ i ( Ä‘á»‘i vá»›i bÃ i trung bÃ¬nh) 100k/ 1 bÃ i ( Ä‘á»‘i vá»›i bÃ i dÃ i) 150k-200k/ 1 bÃ i ( Ä‘á»‘i vá»›i nhá»¯ng bÃ i toÃ¡n, hÃ³a,..cáº§n nhiá»u chá»¯ vÃ  nhiá»u kÃ­ hiá»‡u Ä‘áº·c biá»‡t) yÃªu cáº§u pháº£i chÄƒm chá»‰ vÃ  nghiÃªm tÃºc KhÃ´ng cá»c nhÃ© má»i ngÆ°á»i ... Ai quan tÃ¢m ib mÃ¬nh tÆ° váº¥n cá»¥ thá»ƒ...",26/05/2025 17:02,https://www.threads.net/@thutrang_hrdethuong/post/DKHNq3yB5j6,worthlessness,khÃ´ng ai quan tÃ¢m mÃ¬nh,0
annhien245810,"CÃ³ ai giá»‘ng mÃ¬nh, hÃ´n nhÃ¢n khÃ´ng tÃ¬nh dá»¥c khÃ´ng? Ck mÃ¬nh lÃ  ngÆ°á»i cÃ³ chÃ­ hÆ°á»›ng, Ã­t nháº­u, Ä‘i lÃ m vá» lÃ  phá»¥ vá»£ viá»‡c nhÃ . NhÆ°ng gáº§n 4 nÄƒm nay vk ck nhÆ° 2 ngÆ°á»i Ä‘á»“ng chÃ­. MÃ¬nh chá»§ Ä‘á»™ng thÃ¬ bá»‹ tá»« chá»‘i, vÃ¬ ck má»‡t, buá»“n ngá»§, ck hay láº£ng trÃ¡nh khi mÃ¬nh muá»‘n tÃ¢m sá»± nhá»¯ng chuyá»‡n nÃ y. MÃ¬nh cÅ©ng xinh, cÃ³ há»c thá»©c, dá»‹u dÃ ng, luÃ´n cá»‘ gáº¯ng hoÃ n thiá»‡n, nhÆ°ng ck thá» Æ¡ khiáº¿n mÃ¬nh nghi ngá» giÃ¡ trá»‹ báº£n thÃ¢n. Sá»‘ng tiáº¿p thÃ¬ tá»•n thÆ°Æ¡ng, ly hÃ´n thÃ¬ tháº¥y cÃ³ quÃ¡ khÃ´ng? Vá»›i mÃ¬nh, káº¿t ná»‘i vÃ  hoÃ  há»£p lÃ  ráº¥t quan trá»ng.",26/05/2025 12:29,https://www.threads.net/@annhien245810/post/DKGubJIvPmi,worthlessness,khÃ´ng ai quan tÃ¢m mÃ¬nh,0
longc95,"MÃ¬nh chÆ°a tá»«ng xin ai dáº¡y vá» lÄ©nh vá»±c Ä‘ang theo Ä‘uá»•i. Chá»‰ láº·ng láº½ quan sÃ¡t, láº¯ng nghe, rá»“i tá»± mÃ y mÃ² tá»«ng chÃºt má»™t. Váº­y mÃ , mÃ¬nh láº¡i há»c Ä‘Æ°á»£c nhiá»u nháº¥t tá»« nhá»¯ng ngÆ°á»iâ€¦chÆ°a bao giá» nghÄ© ráº±ng há» Ä‘ang dáº¡y mÃ¬nh. Má»™t cÃ¢u nÃ³i vu vÆ¡ trong lÃºc lÃ m nghá». Má»™t cuá»™c trÃ² chuyá»‡n thoÃ¡ng qua giá»¯a nhá»¯ng ngÆ°á»i cÃ¹ng Ä‘am mÃª. KhÃ´ng giÃ¡o trÃ¬nh, khÃ´ng báº£ng tráº¯ng, khÃ´ng ai Ä‘á»©ng lá»›p nhÆ°ng láº¡i lÃ  nhá»¯ng bÃ i há»c mÃ¬nh ráº¥t tÃ¢m Ä‘áº¯c.",26/05/2025 06:48,https://www.threads.net/@longc95/post/DKGHUQBTQic,worthlessness,khÃ´ng ai quan tÃ¢m mÃ¬nh,0
p.tu.912,[GÃ“C PASS VÃ‰] Showcase BOF 1.6 TÃ¬nh hÃ¬nh lÃ  báº¡n mÃ¬nh khÃ´ng vÃ o Ä‘Æ°á»£c 1.6 nÃªn tá»¥i mÃ¬nh dÆ° 1 vÃ© Cat1A. GiÃ¡ cÃ´ng khai 1 triá»‡u (giÃ¡ gá»‘c 2tr5) áº¡. Ai quan tÃ¢m hÃº mÃ¬nh nha BOF Debut Showcase,25/05/2025 14:53,https://www.threads.net/@p.tu.912/post/DKEaDSmzoGo,worthlessness,khÃ´ng ai quan tÃ¢m mÃ¬nh,0
bunny_ne111,"ai cÃ³ kinh nghiá»‡m Ä‘á»™c thÃ¢n lÃ¢u nÄƒm, khÃ´ng ai quan tÃ¢m tÃ¡n tá»‰nh chá»‰ cho mÃ¬nh vá»›i chá»© mÃ¬nh khÃ³ xá»­ quÃ¡ Trai Ä‘áº¹p Ä‘Ãºng gu mÃ  mÃ¬nh cÅ©ng o nghÄ© tá»›i yÃªu Ä‘Æ°Æ¡ng Ä‘c Trai quan tÃ¢m nhiá»‡t tÃ¬nh quÃ¡ mÃ¬nh cÅ©ng ngáº¡i tá»« chá»‘i mÃ  máº¥y a tÃ¬m Ä‘áº¿n mÃ¬nh háº§u nhÆ° lÃ  á»Ÿ ngoáº¡i hÃ¬nh vÃ  khuÃ´n máº·t chá»© Ä‘Ã¢u biáº¿t tÃ­nh cÃ¡ch mÃ¬nh nhÆ° nÃ o Ä‘áº¿n lÃºc khÃ³ nÃ³i",09/11/2024 22:44,https://www.threads.net/@bunny_ne111/post/DCJ_YZ7yik8,worthlessness,khÃ´ng ai quan tÃ¢m mÃ¬nh,0
nart_aohid,"Vá»«a cÃ³ cáº£m giÃ¡c thoáº£i mÃ¡i khi up threads mÃ  khÃ´ng sá»£ ai tháº¥y, cÅ©ng cÃ³ chÃºt buá»“n tá»§i vÃ¬ cháº£ ai quan tÃ¢m mÃ¬nh :)))",26/04/2025 21:52,https://www.threads.net/@nart_aohid/post/DI6fA0oTlye,worthlessness,khÃ´ng ai quan tÃ¢m mÃ¬nh,0
lt.hty,"BÃ¬nh thÆ°á»ng má»i ngÆ°á»i Ä‘i chÆ¡i 1 mÃ¬nh kiá»ƒu Ä‘á»ƒ thÆ° giÃ£n Ã¡ (Ã½ lÃ  Ä‘i kiá»ƒu dáº¡o phá»‘, Ä‘i Äƒn, Ä‘i siÃªu thá»‹, xem phim nÃ y kia kiá»ƒu nhá»¯ng nÆ¡i mÃ  mÃ¬nh biáº¿t sáº½ khÃ´ng ai quan tÃ¢m mÃ¬nh trÃ´ng tháº¿ nÃ o Ã¡) thÃ¬ má»i ngÆ°á»i cÃ³ hay makeup hem... LÃ¢u lÃ¢u láº¡i khÃ´ng biáº¿t giá»¯a viá»‡c ra ngoÃ i 1 cÃ¡ch thoáº£i mÃ¡i vÃ  ra ngoÃ i 1 cÃ¡ch chá»‰n chu thÃ¬ mÃ¬nh muá»‘n cÃ¡i nÃ o hÆ¡n ğŸ˜¶â€ğŸŒ«ï¸",01/05/2025 17:33,https://www.threads.net/@lt.hty/post/DJG5USmT-ue,worthlessness,khÃ´ng ai quan tÃ¢m mÃ¬nh,0
labubu_yu,"TrÆ°á»›c Ä‘Ã¢y mÃ¬nh cá»© nghÄ© khÃ´ng ai quan tÃ¢m Ä‘áº¿n mÃ¬nh thÃ¬ mÃ¬nh váº«n cÃ²n gia Ä‘Ã¬nh, nhÆ°ng mÃ  hoÃ¡ ra khÃ´ng pháº£i nhÆ° tháº¿",20/10/2024 12:42,https://www.threads.net/@labubu_yu/post/DBVaoqoz67J,worthlessness,khÃ´ng ai quan tÃ¢m mÃ¬nh,0
mewooo13_,Nháº­t kÃ­ ngÃ y 1 Ä‘i táº­p gym :))) - QuÃªn bÃ¬nh nÆ°á»›c - QuÃªn luÃ´n khÄƒn :)))) - Äáº¿n Ä‘i bá»™ trÃªn mÃ¡y (k dÃ¡m táº­p táº¡ğŸ¸) - NhÃ¬n ngang ngÃ³ dá»c kháº¯p nÆ¡i nhÆ° Äƒn trá»™m - Gáº·p ai cÅ©ng nhÃ¬n chá»‰ sá»£ ngta phÃ¡t hiá»‡n - PhÃ²ng táº­p nhiá»u gÆ°Æ¡ng nÃªn nhÆ° mÃª cungğŸ—¿ - LÃºc vá» ko biáº¿t Ä‘i ra ngoÃ i kiá»ƒu gÃ¬ pháº£i nhá» 1 báº¡n báº¥m cá»­a há»™ğŸ—¿ğŸ—¿ğŸ—¿ ngáº¡i vl thá»ğŸ¥¹ğŸ¥¹ Gym Threads,04/03/2025 8:21,https://www.threads.net/@mewooo13_/post/DGwj_1DyBfM,worthlessness,khÃ´ng ai quan tÃ¢m mÃ¬nh,0
a.little.cactus_,"ğŸ†˜ğŸ˜­ MÃ¬nh Ä‘Ã£ Ä‘i lÃ m á»Ÿ cÃ´ng ty má»›i Ä‘Æ°á»£c gáº§n 1 thÃ¡ng vÃ  khÃ´ng thá»ƒ hoÃ  nháº­p Ä‘Æ°á»£c! ğŸ˜­ - tá»« ngÃ y Ä‘áº§u Ä‘i lÃ m tá»›i giá» khÃ´ng Ä‘Æ°á»£c cÃ³ 1 buá»•i Ä‘á»ƒ lÃ m quen giá»›i thiá»‡u nÃªn mÃ¬nh cÅ©ng kb ai vá»›i ai - MÃ£i má»›i Ä‘Æ°á»£c vÃ o 1 nhÃ³m cá»§a phÃ²ng, m chá»§ Ä‘á»™ng nháº¯n chÃ o vÃ  khÃ´ng ai pháº£n há»“i láº¡i - MÃ¬nh chá»§ Ä‘á»™ng báº¯t chuyá»‡n nhÆ°ng ngÆ°á»i thÃ¬ tá» váº» k quan tÃ¢m, ng thÃ¬ qtam cho cÃ³ - Mn Äƒn trÆ°a/ rá»§ nhau Ä‘áº·t Ä‘á»“ Äƒn (cÃ³ nhÃ³m nhÆ°ng mÃ¬nh k cÃ³ trong Ä‘Ã³) vÃ  mn cÅ©ng k rá»§ mÃ¬nh cho cÃ³ luÃ´n, vÃ  tháº­t sá»± mÃ¬nh ráº¥t sÆ°á»£ng.",09/04/2025 11:01,https://www.threads.net/@a.little.cactus_/post/DINi_jvTok8,worthlessness,khÃ´ng ai quan tÃ¢m mÃ¬nh,0
chonggailadevuotqua,TrÃªn Thread cÃ³ ai quan tÃ¢m Ä‘áº¿n bÃ³ng Ä‘Ã¡ khÃ´ng nhá»‰? MÃ¬nh Ä‘ang muá»‘n táº¡o má»™t kÃªnh vá» bÃ³ng Ä‘Ã¡ tá»« mÃ¹a giáº£i tá»›i â¤ï¸,26/05/2025 15:43,https://www.threads.net/@chonggailadevuotqua/post/DKHEpdnP60x,worthlessness,khÃ´ng ai quan tÃ¢m mÃ¬nh,0
nttn1710,"Ká»ƒ ra lÃªn Threads cÅ©ng dui Táº¡o 1 acc clone, thoáº£i mÃ¡i chia sáº» tÃ¢m tráº¡ng mÃ  khÃ´ng sá»£ bá»‹ ai nÃ³i, láº¡i Ä‘Æ°á»£c ngÆ°á»i láº¡ chia sáº», Ä‘á»™ng viÃªn. KhÃ´ng ai biáº¿t mÃ¬nh vÃ  mÃ¬nh cÅ©ng khÃ´ng biáº¿t ai, cá»© tháº¿ quan tÃ¢m nhau",30/10/2024 11:15,https://www.threads.net/@nttn1710/post/DBvAk9YzQSW,worthlessness,khÃ´ng ai quan tÃ¢m mÃ¬nh,0
jjhmeuoi,"lÃ m Æ¡n Ä‘á»«ng cÃ³ joke chovy Ä‘áº§u hÃ³i ná»¯a Ä‘Æ°á»£c khÃ´ng nÃ³ vÃ´ duyÃªn láº¯m Ã½ , khÃ´ng tháº¥y xÃ³t hay gÃ¬ cÃ²n joke nhÆ° vui láº¯m váº­y ?( t fan tÃ¢m thuá»· tinh , Ä‘Ã£ nghe bÃ i trÃ¬nh , tá»± há»i tá»± tráº£ lá»i , t quan tÃ¢m khÃ´ng cáº§n ai quan tÃ¢m , t Ä‘ tháº¥y vui )",26/05/2025 15:28,https://www.threads.net/@jjhmeuoi/post/DKHC53jS0rg,worthlessness,khÃ´ng ai quan tÃ¢m mÃ¬nh,0
iam_kiennguyen,"Mindset ""khÃ´ng ai quan tÃ¢m"" Ä‘Ã£ giÃºp mÃ¬nh thay Ä‘á»•i hoÃ n toÃ n cÃ¡ch suy nghÄ© vá» tháº¿ giá»›i nhÆ° tháº¿ nÃ o. Há»“i trÆ°á»›c, mÃ¬nh Ä‘Ã£ tá»«ng bá»‹ overthinking, luÃ´n luÃ´n nghÄ© ráº±ng lÃ : ""Há» Ä‘ang nghÄ© gÃ¬ vá» mÃ¬nh váº­y nhá»‰?"", hay ""MÃ¬nh lÃ m cÃ¡i nÃ y cÃ³ hÆ¡i quÃ¡ lá»‘ khÃ´ng?"" NhÆ°ng sau khi chinh chiáº¿n trong lÄ©nh vá»±c Consulting/Sales Ä‘Æ°á»£c hÆ¡n 1 nÄƒm, mÃ¬nh Ä‘Ãºc káº¿t Ä‘Æ°á»£c ra 3 bÃ i há»c nhÆ° sau. (tiáº¿p)",12/03/2024 17:12,https://www.threads.net/@iam_kiennguyen/post/C4aRC1Kr83J,worthlessness,khÃ´ng ai quan tÃ¢m mÃ¬nh,0
bannhohaybuon_,"ThÆ°á»ng xuyÃªn cÃ³ ngÆ°á»i há»i mÃ¬nh, Ä‘Ã£ cÃ³ ngÆ°á»i yÃªu chÆ°a? MÃ¬nh luÃ´n má»‰m cÆ°á»i tráº£ lá»i, chÆ°a cÃ³. ÄÃ³ lÃ  sá»± tháº­t. KhÃ´ng pháº£i khÃ´ng ai quan tÃ¢m, chá»‰ lÃ  chÆ°a gáº·p Ä‘Ãºng ngÆ°á»i. KhÃ´ng pháº£i kÃ©n chá»n, chá»‰ lÃ  chÆ°a cÃ³ cáº£m giÃ¡c Ä‘Ãºng. Nhiá»u lÃºc cÅ©ng muá»‘n cÃ³ tÃ¬nh yÃªu, muá»‘n thoÃ¡t khá»i sá»± cÃ´ Ä‘Æ¡n, nhÆ°ng ngÆ°á»i áº¥y váº«n chÆ°a xuáº¥t hiá»‡n, vÃ  mÃ¬nh khÃ´ng muá»‘n yÃªu má»™t cÃ¡ch tÃ¹y tiá»‡n. Bá»Ÿi vÃ¬ cÃ³ má»™t kiá»ƒu Ä‘á»™c thÃ¢n gá»i lÃ  thÃ  thiáº¿u cÃ²n hÆ¡n yÃªu bá»«a, vÃ  cÃ³ má»™t kiá»ƒu Ä‘á»™c thÃ¢n chá»‰ Ä‘á»ƒ chá» Ä‘á»£i má»™t ngÆ°á»i Ä‘áº·c biá»‡t.",14/03/2025 09:40,https://www.threads.net/@bannhohaybuon_/post/DHKdDmdSqml,worthlessness,khÃ´ng ai quan tÃ¢m mÃ¬nh,0
hitynhere,"KhÃ´ng ai há»i t tá»± nÃ³i: Náº¿u muá»‘n trÃ² chuyá»‡n vá»›i ai Ä‘Ã³ báº±ng cÃ¡ch rá»§ Ä‘i cÃ  phÃª, thÃ¬ hÃ£y chá»n buá»•i sÃ¡ng/ban ngÃ y cuá»‘i tuáº§n náº¿u há» ráº£nh. CÃ²n náº¿u lÃ  cÃ  phÃª tá»‘i, xin hÃ£y quan tÃ¢m xem giá» Ä‘Ã³ há» Äƒn tá»‘i chÆ°a hay má»›i tá»« cÃ´ng ty lao ra Ä‘Æ°á»ng. LÃ m Æ¡n 2025 rá»“i, khÃ´ng pháº£i má»—i biáº¿t gáº¡t chÃ¢n chá»‘ng xe lÃ  tinh táº¿ Ä‘Ã¢u ğŸ™ğŸ™ğŸ™",25/05/2025 22:51,https://www.threads.net/@hitynhere/post/DKFQv9dyEEV,worthlessness,khÃ´ng ai quan tÃ¢m mÃ¬nh,0
im_jyhn,"tá»« â€œmÃ¬nh cÃ³ má»™t ná»—i sá»£, sá»£ ra nháº¡c má»i ngÆ°á»i khÃ´ng quan tÃ¢m, khÃ´ng ai biáº¿tâ€ bÃ¢y giá» Ä‘Ã£ cÃ³ dÃ n Ä‘á»“ng ca bÃ i solo táº¡i Má»¹ ÄÃ¬nh",15/05/2025 06:40,https://www.threads.net/@im_jyhn/post/DJpxNnMzi7C,worthlessness,khÃ´ng ai quan tÃ¢m mÃ¬nh,0
saigonnghenn,"Gáº·p CÃ´ Kim â€“ NgÆ°á»i tháº§y Ä‘áº·c biá»‡t giá»¯a lÃ²ng ÄÃ  Láº¡t CÃ´ ká»ƒ há»“i nhá» há»c tiáº¿ng PhÃ¡p do thá»i cuá»™c, lÃªn cáº¥p 1 láº¡i mÃª tiáº¿ng Anh, sau nÃ y cÃ²n lÃ m cho cÃ´ng ty Má»¹ ná»¯a. CÃ´ dáº¡y báº±ng cÃ¡ch ká»ƒ chuyá»‡n Ä‘á»i, nÃªn tá»« vá»±ng cá»© tá»± nhiÃªn ngáº¥m vÃ o Ä‘áº§u lÃºc nÃ o khÃ´ng hay. NhÆ°ng Ä‘áº±ng sau Ä‘Ã³, cÃ´ sá»‘ng má»™t mÃ¬nh trong cÄƒn phÃ²ng nhá», bá»¯a Äƒn thiáº¿u thá»‘n, Ã­t Ä‘Æ°á»£c ngÆ°á»i thÃ¢n quan tÃ¢m. Äi há»c vá»›i cÃ´, mÃ¬nh khÃ´ng chá»‰ há»c chá»¯ mÃ  cÃ²n muá»‘n san sáº» chÃºt áº¥m Ã¡p vá»›i ngÆ°á»i tháº§y Ä‘áº·c biá»‡t nÃ y. (Chia sáº» cá»§a báº¡n PhÆ°Æ¡ng Nghi)",26/05/2025 13:21,https://www.threads.net/@saigonnghenn/post/DKG0Ym3z6ZY,worthlessness,khÃ´ng ai quan tÃ¢m mÃ¬nh,0
spaceofvanng_,"chÃ¢m ngÃ´n tuá»•i 20 gáº§n Ä‘Ã¢y cá»§a mÃ¬nh: never share unless they ask. tá»«ng chá»§ Ä‘á»™ng chia sáº» vÃ  chá»‰ nháº­n láº¡i: ngÆ°á»i khÃ¡c peer pressure vÃ¬ mÃ¬nh, bá»‹ ngÆ°á»i khÃ¡c Ä‘Ã¡nh giÃ¡ tháº¥p ná»— lá»±c cá»§a mÃ¬nh, khÃ´ng Ä‘Æ°á»£c cÃ´ng nháº­n Ä‘iá»ƒm máº¡nh vÃ  bá»‹ cÃ´ng kÃ­ch á»Ÿ Ä‘iá»ƒm thiáº¿u sÃ³t, vÃ  top 1 - bá»‹ lÃ m lÆ¡. mÃ¬nh tá»«ng sá»‘ng quÃ¡ phá»¥ thuá»™c vÃ o reaction cá»§a ng khÃ¡c, nhÆ°ng ká»ƒ tá»« khi mÃ¬nh ngá»«ng share thÃ¬ há» cÅ©ng cháº³ng há»i. mÃ¬nh nháº­n ra khÃ´ng ai tháº­t sá»± quan tÃ¢m mÃ¬nh nhiá»u báº±ng chÃ­nh mÃ¬nh, vÃ  Ã­t chia sáº» sáº½ lÃ m giáº£m phiá»n toÃ¡i cho cáº£ 2.",06/03/2025 1:39,https://www.threads.net/@spaceofvanng_/post/DG0_l_UzcB9,worthlessness,khÃ´ng ai quan tÃ¢m mÃ¬nh,0
maple1803,"Chuyáº¿n bay rÆ¡i tá»± do NgÃ y 19/5 má»™t mÃ¡y bay cá»§a VN Airlines gáº·p nhiá»…u Ä‘Ã£ rÆ¡i tá»± do, may mÃ  kiá»ƒm soÃ¡t láº¡i Ä‘Æ°á»£c sau Ä‘Ã³. HÃ ng trÄƒm con tim tháº¯t láº¡i. Trong khoáº£nh kháº¯c Ä‘Ã³, khÃ´ng ai cÃ²n quan tÃ¢m mÃ¬nh ngá»“i háº¡ng thÆ°Æ¡ng gia hay tiáº¿t kiá»‡m, cháº³ng ai cÃ²n nhá»› Ä‘áº¿n tiá»n báº¡c, Ä‘á»‹a vá»‹. KhÃ´ng ai quan tÃ¢m Ä‘áº¿n nhá»¯ng drama dÆ°á»›i máº·t Ä‘áº¥t, nhá»¯ng tin tá»©c cá»§a ngÆ°á»i ná»•i tiáº¿ng. Má»i ngÆ°á»i trÃªn chuyáº¿n bay Ä‘Ã³ chá»‰ quan tÃ¢m lÃ : â€œcÃ²n sá»‘ng Ä‘á»ƒ Ä‘Æ°á»£c vá», Ä‘Æ°á»£c thá»Ÿ, Ä‘Æ°á»£c Ã´m ngÆ°á»i thÃ¢n..â€.",22/05/2025 05:47,https://www.threads.net/@maple1803/post/DJ7tM2xTB9k,worthlessness,khÃ´ng ai quan tÃ¢m mÃ¬nh,0
sicula_01,"| ThÆ°á»ng xuyÃªn cÃ³ ngÆ°á»i há»i mÃ¬nh, Ä‘Ã£ cÃ³ ngÆ°á»i yÃªu chÆ°a? MÃ¬nh luÃ´n má»‰m cÆ°á»i tráº£ lá»i, chÆ°a cÃ³. ÄÃ³ lÃ  sá»± tháº­t. KhÃ´ng pháº£i khÃ´ng ai quan tÃ¢m, chá»‰ lÃ  chÆ°a gáº·p Ä‘Ãºng ngÆ°á»i. KhÃ´ng pháº£i kÃ©n chá»n, chá»‰ lÃ  chÆ°a cÃ³ cáº£m giÃ¡c Ä‘Ãºng. Nhiá»u lÃºc cÅ©ng muá»‘n cÃ³ tÃ¬nh yÃªu, muá»‘n thoÃ¡t khá»i sá»± cÃ´ Ä‘Æ¡n, nhÆ°ng ngÆ°á»i áº¥y váº«n chÆ°a xuáº¥t hiá»‡n, vÃ  mÃ¬nh khÃ´ng muá»‘n yÃªu má»™t cÃ¡ch tÃ¹y tiá»‡n. Bá»Ÿi vÃ¬ cÃ³ má»™t kiá»ƒu Ä‘á»™c thÃ¢n gá»i lÃ  thÃ  thiáº¿u cÃ²n hÆ¡n yÃªu bá»«a, vÃ  cÃ³ má»™t kiá»ƒu Ä‘á»™c thÃ¢n chá»‰ Ä‘á»ƒ chá» Ä‘á»£i má»™t ngÆ°á»i Ä‘áº·c biá»‡t.",27/11/2024 10:23,https://www.threads.net/@sicula_01/post/DC3A4cozq7t,worthlessness,khÃ´ng ai quan tÃ¢m mÃ¬nh,0
cherrysoda.tr,"KhÃ´ng ai quan tÃ¢m quan Ä‘iá»ƒm cá»§a cÃ¡c báº¡n khÃ¡c vá»›i quan Ä‘iá»ƒm cá»§a idol nhÆ° tháº¿ nÃ o, nhÆ°ng lÃ m Æ¡n Ä‘á»«ng ""Äƒn khÃ´ng nÃ³i cÃ³"" Ä‘á»ƒ idol t pháº£i Ä‘á»™i máº¥y cÃ¡i ná»“i ná»¯a ğŸ˜ƒ T biáº¿t 2 bÃ­a t há» LÃ o nhÆ°ng náº¿u tá»›i má»©c bá»‹ mang tiáº¿ng xáº¥u tá»›i ngÆ°á»i qua Ä‘Æ°á»ng vÃ¬ chuyá»‡n mÃ  mÃ¬nh ko há» nÃ³i/lÃ m thÃ¬ t sáº½ ""biáº¿t Æ¡n"" cÃ¡c báº¡n láº¯m láº¯m Ã¡. Trá»i Æ¡i Ä‘Ãºng lÃ  cÃ¡i thá»© ""Äƒn Ä‘áº±ng sÃ³ng nÃ³i Ä‘áº±ng giÃ³"" ğŸ˜ƒ",03/05/2025 12:52,https://www.threads.net/@cherrysoda.tr/post/DJLisPtxclf,worthlessness,khÃ´ng ai quan tÃ¢m mÃ¬nh,0
do_thuyloan35460,"â—ï¸GÃ“C Bá»C PHá»T CONCERT ATVNCGâ—ï¸ HÃ´m mÃ¬nh cÃ³ rÆ¡i máº¥t Ä‘t iphone 15prm mÃ u tráº¯ng mÃ u hÃ¬nh ná»n lÃ  868vip. Khi tháº¥y mÃ¬nh bá»‹ rÆ¡i máº¥t thÃ¬ nÃ³i vá»›i máº¥y báº¡n nv báº£o an á»Ÿ ngoÃ i sk vÃ  nháº­n Ä‘Æ°á»£c cÃ¡i káº¿t lÃ  khÃ´ng ai quan tÃ¢m mÃ¬nh luÃ´n . Uiiii thiá»‡c sá»± ráº¥t ná»ƒ ekip ATVNCG tháº­t sá»± toÃ n tuyá»ƒn ngÆ°á»i khÃ´ng cÃ³ trÃ¡ch nhiá»‡m, cáº§n sá»± giÃºp Ä‘á»¡ chá»¡ tháº¥y ai toÃ n qua loa cho qua chuyá»‡n , Ä‘i chuyáº¿n nÃ y sá»£ tá»›i giÃ  Mong ekip concert HÃ  Ná»™i Ä‘Æ°á»£c diá»…n ra ÄÃ‰O THÃ€NH CÃ”NG THÃ‚N",24/10/2024 09:19,https://www.threads.net/@do_thuyloan35460/post/DBfWkOHv5__,worthlessness,khÃ´ng ai quan tÃ¢m mÃ¬nh,0
k.hanhs_0201,"Náº¿u khÃ´ng cÃ³ má»™t ai tÃ¬m Ä‘áº¿n báº¡n, khÃ´ng ai má»i báº¡n Ä‘i Äƒn chung, cÃ¡c hoáº¡t Ä‘á»™ng xÃ£ há»™i cÅ©ng cháº³ng liÃªn quan Ä‘áº¿n báº¡n. ThÃ¬ cÃ³ láº½ báº¡n nÃªn Äƒn má»«ng. Báº£n cháº¥t cá»§a cuá»™c sá»‘ng chÃ­nh lÃ  trÄƒm nÄƒm cÃ´ Ä‘Æ¡n. Khi báº¡n Ä‘Ã£ tráº£i qua giai Ä‘oáº¡n má»™t mÃ¬nh uá»‘ng trÃ , má»™t mÃ¬nh Ä‘i dáº¡o, má»™t mÃ¬nh Ä‘á»c sÃ¡ch, má»™t mÃ¬nh du lá»‹ch, khÃ´ng ai há»i thÄƒm, khÃ´ng ai quan tÃ¢m, khÃ´ng ai liÃªn láº¡c hay lÃ m phiá»n, cÅ©ng khÃ´ng ai an á»§i. ÄÃ³ khÃ´ng pháº£i lÃ  ná»—i buá»“n mÃ  lÃ  má»™t may máº¯n.",10/02/2025 17:22,https://www.threads.net/@k.hanhs_0201/post/DF44et4BESV,worthlessness,khÃ´ng ai quan tÃ¢m mÃ¬nh,0
xaykenhdi_,"Náº¿u sá»‘p cáº£m tháº¥y kÃªnh cá»§a mÃ¬nh nhÆ° Ä‘ang â€œcháº¿t Ä‘á»©ngâ€ chÆ°a? TÆ°Æ¡ng tÃ¡c giáº£m, bÃ i khÃ´ng ai quan tÃ¢m, dÃ¹ ná»™i dung váº«n Ä‘áº§u tÆ° ká»¹ cÃ ng. ÄÃ¢y lÃ  nhá»¯ng dáº¥u hiá»‡u rÃµ rÃ ng cá»§a má»™t tÃ i khoáº£n â€œcháº¿tâ€ tÆ°Æ¡ng tÃ¡c. TÆ°Æ¡ng tÃ¡c cÃ²n khÃ´ng thÃ¬ sao tá»›i Ä‘áº¿n mua hÃ ng ná»¯a oizoioiii ğŸ¥²ğŸ¥² Äá»c xem mÃ¬nh cÃ³ thÆ°á»ng lÃ m nhá»¯ng hÃ nh Ä‘á»™ng nÃ y khÃ´ng nha ğŸ˜£",14/11/2024 18:29,https://www.threads.net/@xaykenhdi_/post/DCWaKH_vPRU,worthlessness,khÃ´ng ai quan tÃ¢m mÃ¬nh,0
phoenixtaplon,"Sá»± tháº­t lÃ : khÃ´ng ai quan tÃ¢m Ä‘áº¿n lá»£i Ã­ch cá»§a báº¡n ngoÃ i chÃ­nh báº¡n, nÃªn Ä‘á»«ng gáº¯n mÃ¡c ""Ã­ch ká»‰"" vÃ o báº£n thÃ¢n, báº¡n lÃ m Ä‘Æ°á»£c gÃ¬ cho mÃ¬nh thÃ¬ cá»© lÃ m ( miá»…n nÃ³ khÃ´ng pháº¡m phÃ¡p hay háº¡i ai ) ğŸ« ",29/11/2024 07:26,https://www.threads.net/@phoenixtaplon/post/DC72NE7zvl5,worthlessness,khÃ´ng ai quan tÃ¢m mÃ¬nh,0
duyanh.buio5o3,Äá»«ng bao giá» nÃ³i â€œKHÃ”NG AI QUAN TÃ‚M MÃŒNH Cáº¢ ğŸ¥²â€ Trong khi váº«n cÃ³ 1 Ä‘á»©a báº¡n gá»­i báº¡n 7749 clip Tik Tok má»—i ngÃ y ğŸ˜ ChÃºc má»i ngÆ°á»i buá»•i sÃ¡ng tá»‘t lÃ nh,05/06/2024 9:04,https://www.threads.net/@duyanh.buio5o3/post/C70Qs0nyEKh,worthlessness,khÃ´ng ai quan tÃ¢m mÃ¬nh,0
ah.tiet_284,"ThÆ°á»ng xuyÃªn cÃ³ ngÆ°á»i há»i mÃ¬nh, Ä‘Ã£ cÃ³ ngÆ°á»i yÃªu chÆ°a? MÃ¬nh luÃ´n má»‰m cÆ°á»i tráº£ lá»i, chÆ°a cÃ³. ÄÃ³ lÃ  sá»± tháº­t. KhÃ´ng pháº£i khÃ´ng ai quan tÃ¢m, chá»‰ lÃ  chÆ°a gáº·p Ä‘Ãºng ngÆ°á»i. KhÃ´ng pháº£i kÃ©n chá»n, chá»‰ lÃ  chÆ°a cÃ³ cáº£m giÃ¡c Ä‘Ãºng. Nhiá»u lÃºc cÅ©ng muá»‘n cÃ³ tÃ¬nh yÃªu, muá»‘n thoÃ¡t khá»i sá»± cÃ´ Ä‘Æ¡n, nhÆ°ng ngÆ°á»i áº¥y váº«n chÆ°a xuáº¥t hiá»‡n, vÃ  mÃ¬nh khÃ´ng muá»‘n yÃªu má»™t cÃ¡ch tÃ¹y tiá»‡n. Bá»Ÿi vÃ¬ cÃ³ má»™t kiá»ƒu Ä‘á»™c thÃ¢n gá»i lÃ  thÃ  thiáº¿u cÃ²n hÆ¡n yÃªu bá»«a, vÃ  cÃ³ má»™t kiá»ƒu Ä‘á»™c thÃ¢n chá»‰ Ä‘á»ƒ chá» Ä‘á»£i má»™t ngÆ°á»i Ä‘áº·c biá»‡t.",30/10/2024 20:00,https://www.threads.net/@ah.tiet_284/post/DBv8qKgTD5f,worthlessness,khÃ´ng ai quan tÃ¢m mÃ¬nh,0
phuongthao.1109,Thá»±c ra khÃ´ng ai ráº£nh Ä‘á»ƒ quan tÃ¢m mÃ¬nh nhiá»u Ä‘áº¿n nhÆ° tháº¿,17/05/2025 23:53,https://www.threads.net/@phuongthao.1109/post/DJwxkcAPcF9,worthlessness,khÃ´ng ai quan tÃ¢m mÃ¬nh,0
ynabeibi,"4 SAI Láº¦M VÃ” TÃŒNH TA LÃ€M GIáº¢M ""GIÃ TRá»Š Cá»¦A Báº¢N THÃ‚N"" ğŸ“‰ . 1. Äá»«ng quÃ¡ Ä‘áº·t náº·ng viá»‡c ngÆ°á»i khÃ¡c sáº½ Ä‘á»‘i xá»­ vá»›i mÃ¬nh ra sao: VÃ¬ chÃºng ta khÃ´ng thá»ƒ kiá»ƒm soÃ¡t Ä‘Æ°á»£c Ä‘iá»u ngÆ°á»i khÃ¡c nghÄ©...ğ±ğğ¦ ğ­ğ¡ğÌ‚ğ¦",25/04/2025 21:09,https://www.threads.net/@ynabeibi/post/DI31QoWSJhw,worthlessness,khÃ´ng ai quan tÃ¢m mÃ¬nh,0
mingo.9320,"LÃ­ do gÃ¬ khiáº¿n máº¥y nÃ­ váº«n (quyáº¿t Ä‘á»‹nh) á»Ÿ láº¡i HN záº­y? Tui trÆ°á»›c nha Tui thÃ­ch HN vÃ¬ HN Ä‘áº¹p (cáº£ má»™c máº¡c vÃ  hiá»‡n táº¡i), thÃ­ch HN vÃ¬ HN nhiá»u cÆ¡ há»™i, vÃ¬ HN nhiá»u ngÆ°á»i báº¡n ngÆ°á»i tháº§y giá»i giang, thÃ­ch HN vÃ¬ HN nghÃ¬n nÄƒm vÄƒn hiáº¿n. NhÆ°ng tui cÅ©ng ghÃ©t HN vÃ¬ hÃ ng giá» táº¯c Ä‘Æ°á»ng cáº£ khi Ä‘i lÃ m láº«n khi tan lÃ m, ghÃ©t HN vÃ¬ bon chen lá»«a lá»c, ghÃ©t HN vÃ¬ Ã¡p lá»±c vÃ¬ Ä‘áº¥u tranh, ghÃ©t HN vÃ¬ Ã´ nhiá»…m, vÃ  vÃ¬ Ä‘Ã´i khi ngÆ°á»i ta khÃ´ng cÃ²n thÆ°Æ¡ng nhau nhÆ° á»Ÿ quÃª. Nghe váº» tui ghÃ©t HN nhiá»u hÆ¡n lÃ  thÃ­ch. SÃ¡ng nay tui nghÄ©â€¦",11/11/2024 23:18,https://www.threads.net/@mingo.9320/post/DCPM1OCzHAp,worthlessness,khÃ´ng ai quan tÃ¢m mÃ¬nh,0
vkute7.11,"CÃCH VÆ¯á»¢T QUA Ná»–I Sá»¢ THUYáº¾T TRÃŒNH TRÆ¯á»šC ÄÃM ÄÃ”NG? TOP 1: LuÃ´n niá»‡m chÃº â€œKhÃ´ng ai quan tÃ¢m quÃ¡ nhiá»u vá» mÃ¬nhâ€ ğŸ˜† MÃ¬nh Ä‘Ã£ tá»«ng ráº¥t sá»£ Ä‘á»©ng trÆ°á»›c Ä‘Ã¡m Ä‘Ã´ng, sá»£ há» báº¯t lá»—i, sá»£ há» chÃª cÆ°á»i, sá»£ há» biáº¿t ráº±ng mÃ¬nh dá»Ÿ ğŸ¥¹. NhÆ°ng hÃ£y luÃ´n nhá»› ráº±ng, chá»‰ cÃ³ mÃ¬nh má»›i lÃ  ng Ä‘á»ƒ Ã½ tá»›i báº£n thÃ¢n nhiá»u nháº¥t. Trong máº¯t cá»§a ng khÃ¡c, chÃºng ta ko quan trá»ng nhiá»u nhÆ° ta nghÄ©. 3 bÆ°á»›c giÃºp mÃ¬nh tÄƒng sá»± tá»± tin khi pháº£i thuyáº¿t trÃ¬nh trÆ°á»›c nhiá»u ngÆ°á»i ğŸ‘‡ğŸ»",29/09/2024 19:41,https://www.threads.net/@vkute7.11/post/DAgFYbAxLNP,worthlessness,khÃ´ng ai quan tÃ¢m mÃ¬nh,0
lyhth.1207,MÃ¬nh lÃ  kiá»ƒu ngÆ°á»i sá»‘ng ná»™i tÃ¢m: sá»‘ng nhÆ° bÃ  ná»™i vÃ  khÃ´ng quan tÃ¢m ai háº¿t ğŸ˜Œ,26/05/2025 12:46,https://www.threads.net/@lyhth.1207/post/DKGwXvtS1WB,worthlessness,khÃ´ng ai quan tÃ¢m mÃ¬nh,0
sandealsdotnet,"MÃ¬nh tá»«ng ráº¥t hay mua Ä‘á»“ online, nhÆ°ng láº§n nÃ o mua xong cÅ©ng cÃ³ cáº£m giÃ¡câ€¦ bá»‹ há»›. CÃ¹ng má»™t sáº£n pháº©m, ngÆ°á»i khÃ¡c cÃ³ thá»ƒ mua ráº» hÆ¡n mÃ¬nh cáº£ trÄƒm nghÃ¬n, chá»‰ vÃ¬ há» biáº¿t dÃ¹ng mÃ£ giáº£m giÃ¡.",05/04/2025 0:29,https://www.threads.net/@sandealsdotnet/post/DICHowAyeSn,worthlessness,khÃ´ng ai quan tÃ¢m mÃ¬nh,0
nhalam_2001,"Tá»± dÆ°ng láº¡i tháº¥y mÃ¬nh Ä‘á»™c thÃ¢n cÅ©ng á»•n :3 ThÆ°á»ng xuyÃªn cÃ³ ngÆ°á»i há»i mÃ¬nh, Ä‘Ã£ cÃ³ ngÆ°á»i yÃªu chÆ°a? MÃ¬nh luÃ´n má»‰m cÆ°á»i tráº£ lá»i, chÆ°a cÃ³. KhÃ´ng pháº£i khÃ´ng ai quan tÃ¢m, chá»‰ lÃ  chÆ°a gáº·p Ä‘Ãºng ngÆ°á»i. KhÃ´ng pháº£i kÃ©n chá»n, chá»‰ lÃ  chÆ°a cÃ³ cáº£m giÃ¡c Ä‘Ãºng. Nhiá»u lÃºc cÅ©ng muá»‘n cÃ³ tÃ¬nh yÃªu, muá»‘n thoÃ¡t khá»i sá»± cÃ´ Ä‘Æ¡n, nhÆ°ng ngÆ°á»i áº¥y váº«n chÆ°a xuáº¥t hiá»‡n, vÃ  mÃ¬nh khÃ´ng muá»‘n yÃªu má»™t cÃ¡ch tÃ¹y tiá»‡n. Bá»Ÿi vÃ¬ cÃ³ má»™t kiá»ƒu Ä‘á»™c thÃ¢n gá»i lÃ  thÃ  thiáº¿u cÃ²n hÆ¡n yÃªu bá»«a, vÃ  cÃ³ má»™t kiá»ƒu Ä‘á»™c thÃ¢n chá»‰ Ä‘á»ƒ chá» Ä‘á»£i má»™t ngÆ°á»i Ä‘áº·c biá»‡t.",16/11/2024 04:08,https://www.threads.net/@nhalam_2001/post/DCaBLmdzobr,worthlessness,khÃ´ng ai quan tÃ¢m mÃ¬nh,0
tragl_138,"Cuá»‘i thÃ¡ng 5 mÃ¬nh cáº§n pass 1slot chung cÆ° á»Ÿ quáº­n 2 áº¡ nhÃ  full ná»™i tháº¥t chá»‰ cáº§n kÃ©o vali vÃ o á»Ÿ thÃ´i áº¡ , chung cÆ° á»Ÿ quáº­n 2 gáº§n trung tÃ¢m cÃ¡ch quáº­n 1 , bÃ¬nh tháº¡nh , quáº­n 3 chá»‰ vÃ i km , chung cÆ° cÃ³ há»“ bÆ¡i riÃªng vÃ  phÃ²ng gym riÃªng áº¡ , ai quan tÃ¢m ib ig mÃ¬nh gá»­i giÃ¡ phÃ²ng vÃ  gá»­i khÃ´ng gian riÃªng áº¡",24/05/2025 20:01,https://www.threads.net/@tragl_138/post/DKCYhMjSXgI,worthlessness,khÃ´ng ai quan tÃ¢m mÃ¬nh,0
chou_nhn,"LÃ½ do chÃ­nh cÃ¡i Gai cc chÆ°a SO lÃ  do sá»± vÃ´ trÃ¡ch nhiá»‡m cá»§a Btc thÃ´i. BÃ¡n vÃ© nháº­p nháº±ng nÃªn fan kÃªu gá»i mua láº¡i giÃºp cho cÃ¡c báº¡n Ä‘ang bá»‹ Ã´m vÃ© trÆ°á»›c Ä‘Ã£ ğŸ«¤ chá»© lÆ°á»£ng truy cáº­p hÃ´m má»Ÿ bÃ¡n hÆ¡n 60k, má»›i Ä‘Ã¢y nháº¥t lÃ  fmt cá»§a S.T cÅ©ng 20k thÃ¬ ko thá»ƒ nÃ³i impact cá»§a dÃ n line up kÃ©m Ä‘Æ°á»£c",04/12/2024 11:06,https://www.threads.net/@chou_nhn/post/DDJHYuYTSPB,worthlessness,khÃ´ng ai quan tÃ¢m mÃ¬nh,0
the_learning_enthusiast,"""Self awareness lÃ  khÃ´ng Ä‘á»§, pháº£i cáº§n hÃ nh Ä‘á»™ngâ€ Vá»‹ trÃ­ tá»“i tá»‡ nháº¥t ta cÃ³ thá»ƒ á»Ÿ: nháº­n thá»©c Ä‘Æ°á»£c váº¥n Ä‘á» cá»§a mÃ¬nh mÃ  khÃ´ng chá»‹u sá»­a. ÄÃ¢y lÃ  nhá»¯ng ngÆ°á»i luÃ´n báº£o â€œtÃ´i hÆ°á»›ng ná»™i nÃªn khÃ´ng bao giá» giao tiáº¿p Ä‘Æ°á»£c vá»›i ngÆ°á»i khÃ¡câ€, Hay lÃ  â€œvÃ¬ tÃ´i cÃ³ tuá»•i thÆ¡ khá»‘n khÃ³ nÃªn bÃ¢y giá» tÃ´i cÃ³ quyá»n than trÃ¡ch cuá»™c Ä‘á»i.â€ Thá»±c táº¿ phÅ© phÃ ng lÃ :â€œkhÃ´ng ai quan tÃ¢m lÃ½ do báº¡n tháº¥t báº¡i, ngÆ°á»i ta chá»‰ nhÃ¬n vÃ o káº¿t quáº£. Tháº¿ nÃªn, nháº­n thá»©c Ä‘Æ°á»£c váº¥n Ä‘á» lÃ  báº¡n Ä‘Ã£ Ä‘i Ä‘Æ°á»£c 50% quÃ£ng Ä‘Æ°á»ng rá»“i, Ä‘á»«ng phÃ­ hoÃ i 50% cÃ²n láº¡i.",25/12/2024 11:01,https://www.threads.net/@the_learning_enthusiast/post/DD_Le3lTS7W,worthlessness,khÃ´ng ai quan tÃ¢m mÃ¬nh,0
spanishquickhack,"CÃ¡c báº¡n Æ¡i, cÃ³ khi mÃ¬nh tháº¥t báº¡i tháº­t máº¥t thÃ´i. MÃ¬nh muá»‘n dáº¡y tiáº¿ng TÃ¢y Ban Nha mÃ  náº£n quÃ¡, cÃ³ váº» nhÆ° khÃ´ng ai quan tÃ¢m Ä‘áº¿ ngÃ´n ngá»¯ nÃ y. Buá»“n quÃ¡ Ä‘i máº¥t thÃ´i!!! CÃ¡c báº¡n cho mÃ¬nh biáº¿t xem liá»‡u cÃ³ ai thÃ­ch há»c tiáº¿ng TÃ¢y Ban Nha khÃ´ng nhÃ©? Náº¿u cÃ³ thÃ¬ vÃ¬ sao, Náº¿u khÃ´ng thÃ¬ vÃ¬ sao vá»›i áº¡",12/02/2025 0:13,https://www.threads.net/@spanishquickhack/post/DF8MVnwSaT1,worthlessness,khÃ´ng ai quan tÃ¢m mÃ¬nh,0
aniolku_._,giÃ¢y phÃºt t nháº­n ra mÃ¬nh khÃ´ng cÃ³ nhiá»u báº¡n bÃ¨ nhÆ° mÃ¬nh tá»«ng nghÄ©..,16/12/2024 01:55,https://www.threads.net/@aniolku_._/post/DDnB0f-TkzS,worthlessness,khÃ´ng ai quan tÃ¢m mÃ¬nh,0
nhatmovang1993,Tháº­t vá»ng vÃ¬ nghÃ¨o khÃ´ng tiá»n thÃ¬ mÃ¬nh cÅ©ng mÃ£i nghÃ¨o khÃ´ng ai quan tÃ¢m Ä‘Ã¢u vÃ¬ lÃ  gÃ¬ Ä‘Ã¢u,22/05/2025 17:11,https://www.threads.net/@nhatmovang1993/post/DJ87cMYzrzX,worthlessness,khÃ´ng ai quan tÃ¢m mÃ¬nh,0
phattaiquangcao,ThÃ¡ng nÄƒm dÃ i khÃ´ng ai trÃ¢n trá»ng . KhÃ´ng ai quan tÃ¢m . Sá»‘ng 1 mÃ¬nh 1 viá»‡c háº¿t thá»i gian,25/05/2025 21:35,https://www.threads.net/@phattaiquangcao/post/DKFIHy5vv0U,worthlessness,khÃ´ng ai quan tÃ¢m mÃ¬nh,0
nguyenminhthuyyy,"MÃ¬nh sinh nÄƒm 93, cháº¯c lÃ  thuá»™c tháº¿ há»‡ cÅ©. Tháº¿ há»‡ mÃ¬nh Ä‘a pháº§n nÃ³i Ä‘áº¿n viá»‡c báº£n quyá»n thÃ¬ khÃ´ng ai quan tÃ¢m láº¯m, cháº¯c pháº§n nhiá»u má»i ngÆ°á»i Ä‘Ã£ quen dÃ¹ng pháº§n má»m crack, xem phim web láº­u. Láº§n mÃ¬nh táº¡o ra 1 trang web rá»“i bá»‹ clone, Ä‘Äƒng há»i thÃ¬ chá»‰ nháº­n Ä‘Æ°á»£c cÃ¢u tráº£ lá»i: â€œmuá»‘n ko bá»‹ Äƒn cáº¯p thÃ¬ Ä‘á»«ng lÃ mâ€. Äáº¯ng cay ha? NhÆ°ng mÃ  sá»± tháº­t lÃ  váº­y. Thá»§a Ä‘Ã³ náº¿u la lÃ ng lÃªn ráº±ng â€œtÃ´i bá»‹ Ä‘áº¡o nhÃ¡iâ€ thÃ¬ ngÆ°á»i khÃ¡c chá»‰ tháº¥y ráº±ng báº¡n Ä‘ang lÃ m quÃ¡ váº¥n Ä‘á», hay má»™t hÆ°á»›ng khÃ³ chá»‹u khÃ¡c: â€œlÃ m tá»‘t thÃ¬ ngÆ°á»i ta há»c há»iâ€",23/05/2025 18:07,https://www.threads.net/@nguyenminhthuyyy/post/DJ_mq1kvIR3,worthlessness,khÃ´ng ai quan tÃ¢m mÃ¬nh,0
leanhuongtra,"THREAD | CHUYáº¾N BAY RÆ I Tá»° DO & BÃ€I Há»ŒC THá»¨C Tá»ˆNH ğŸ›¬ NgÃ y 19/5, má»™t chuyáº¿n bay cá»§a Vietnam Airlines rÆ¡i tá»± do giá»¯a trá»i. Khoáº£nh kháº¯c cáº£ khoang nÃ­n thá»Ÿ. KhÃ´ng ai cÃ²n quan tÃ¢m mÃ¬nh ngá»“i háº¡ng gÃ¬. KhÃ´ng ai nhá»› tá»›i tÃ i khoáº£n, danh tiáº¿ng hay drama Ä‘ang ""ná»•"" ngoÃ i kia. Chá»‰ cÃ²n má»™t Ä‘iá»u duy nháº¥t: â€œCÃ²n sá»‘ng Ä‘á»ƒ Ä‘Æ°á»£c trá»Ÿ vá», Ä‘á»ƒ thá»Ÿ, Ä‘á»ƒ Ã´m ngÆ°á»i thÃ¢n.â€",23/05/2025 09:03,https://www.threads.net/@leanhuongtra/post/DJ-ocdVS1Wf,worthlessness,khÃ´ng ai quan tÃ¢m mÃ¬nh,0
hw_gaon,"+ 1 mÃ¡y vá» im láº·ng xem há» cÃ³ quan tÃ¢m Ä‘áº¿n mÃ¬nh khÃ´ng,ai ngá» há» im luÃ´n",05/04/2025 17:57,https://www.threads.net/@hw_gaon/post/DID_Yjwyg-e,worthlessness,khÃ´ng ai quan tÃ¢m mÃ¬nh,0
sparseteeth.tk,"TÃ´i 2000, vá»«a ra trÆ°á»ng vÃ  lÃ m trÃ¡i ngÃ nh TÃ´i tráº£i qua ko biáº¿t bao nhiÃªu chá»— lÃ m nhÆ°ng toÃ n gáº·p cÃ¡c em, Ä‘a sá»‘ 2k2 2k3. Tháº­m chÃ­ Content Leader hiá»‡n táº¡i cÅ©ng 2k3 chuáº©n bá»‹ há»c Tháº¡c Cho tÃ´i há»i 2000 Ä‘i Ä‘Ã¢u háº¿t rá»“i, tÃ´i ko gáº·p Ä‘Æ°á»£c ai má»›i Ä‘á»“ng trang lá»©a. TÃ´i cáº§n nhá»¯ng con ngÆ°á»i sá»‘ khá»• nhÆ° tÃ´i.",24/05/2025 14:49,https://www.threads.net/@sparseteeth.tk/post/DKB0xvzzRP3,worthlessness,tháº¥y báº£n thÃ¢n vÃ´ dá»¥ng quÃ¡ chá»«ng,0
kh2318922,"Sao mÃ¬nh Ä‘i pv nhiá»u láº§n rá»“i mÃ  láº§n nÃ o cÅ©ng bá»‹ tá»« chá»‘i, cáº£m giÃ¡c nÃ³ há»¥t háº«ng vÃ  cáº£m tháº¥y báº£n thÃ¢n vÃ´ dá»¥ng quÃ¡",20/10/2024 15:32,https://www.threads.net/@kh2318922/post/DBVt_cBTqpm,worthlessness,tháº¥y báº£n thÃ¢n vÃ´ dá»¥ng quÃ¡ chá»«ng,0
linh.nguyet.430227,"Viáº¿t cho nhá»¯ng ngÃ y giÃ´ng bÃ£o - 2k2, tá»‘t nghiá»‡p nÄƒm ngoÃ¡i, Ä‘áº¿n giá» tÃ¬m viá»‡c váº«n chÃ´ng chÃªnh. - NgÃ y Ä‘áº§u tiÃªn Ä‘i lÃ m á»Ÿ chá»— má»›i, tháº¥y tá»‡ kinh khá»§ng, ko hÃ²a nháº­p Ä‘c, ko báº¯t sÃ³ng vá»›i ai cáº£, dáº§n tháº¥y báº£n thÃ¢n vÃ´ dá»¥ng, ko chá»‹u cá»‘ gáº¯ng :'(((( - Vá»«a sá»£ tháº¥t nghiá»‡p, vá»«a sá»£ Ä‘i lÃ m",24/03/2025 21:15,https://www.threads.net/@linh.nguyet.430227/post/DHlchuCBT1L,worthlessness,tháº¥y báº£n thÃ¢n vÃ´ dá»¥ng quÃ¡ chá»«ng,0
3hi.2024,"Sao cáº£m tháº¥y vÃ´ dá»¥ng quÃ¡ Báº£n thÃ¢n mÃ¬nh Ä‘Ã£ cá»‘ gáº¯ng nhÆ°ng váº«n báº¥t lá»±c Má»i chuyá»‡n cá»© áº­p tá»›i, má»i thá»© chá»‘ng láº¡i ...",05/10/2024 16:23,https://www.threads.net/@3hi.2024/post/DAvL6tLvwxA,worthlessness,tháº¥y báº£n thÃ¢n vÃ´ dá»¥ng quÃ¡ chá»«ng,0
random_dailylifepost,"Hello máº¥y bÃ© 2k7 hoáº·c nhá» hÆ¡n vÃ´ há»c tiáº¿ng Anh nhÄƒ CÃ¡c ná»™i dung threads t up k nháº±m má»¥c Ä‘Ã­ch kiáº¿m há»c sinh, PR cho báº£n thÃ¢n hoáº·c trung tÃ¢m tiáº¿ng Anh nÃ o háº¿t, Ä‘Æ¡n giáº£n lÃ  t muá»‘n share láº¡i kiáº¿n thá»©c cho cÃ¡c em thui Náº¿u tháº¥y ná»™i dung quÃ¡ ngáº¯n gá»n thÃ¬ thÃ´ng cáº£m nha, máº¹o thá»±c dá»¥ng xÃ­u Ä‘á»ƒ Ä‘i thi hoi chá»© náº¿u Ä‘á»ƒ há»c tiáº¿ng Anh á»©ng dá»¥ng thÃ¬ k rcm trang nÃ y Háº¡n cháº¿ inbox, náº¿u inbox cÅ©ng Ä‘á»«ng há»‘i vÃ¬ Ä‘Ã¢y chá»‰ lÃ  nick phá»¥ cá»§a t thoai, kh pháº£i lÃºc nÃ o cÅ©ng check noti ChÃºc mng há»c bÃ i zui záº» nha",18/05/2025 03:26,https://www.threads.net/@random_dailylifepost/post/DJxJ3cKzYRo,worthlessness,tháº¥y báº£n thÃ¢n vÃ´ dá»¥ng quÃ¡ chá»«ng,0
moonstone3172,Nobody: TÃ´i: ğŸ’» Äi phá»ng váº¥n: Em sáº½ cá»‘ng hiáº¿n háº¿t mÃ¬nh ğŸ’¼ ÄÆ°á»£c 1 tuáº§n: Táº¯t thÃ´ng bÃ¡o Zalo ğŸ¤¡ ğŸ« ğŸ«  MÃ¬nh cÃ³ nÃªn nháº£y viá»‡c khÃ´ng nhá»‰???? SÃ¡ng nay thá»©c dáº­y nhÆ°ng mÃ¬nh láº¡i khÃ´ng muá»‘n rá»i khá»i giÆ°á»ng. Má»—i ngÃ y Ä‘i lÃ m lÃ  Ä‘á»u há»i â€œHÃ´m nay mÃ¬nh cÃ³ nÃªn nghá»‰ lÃ m khÃ´ng?â€ DÃ¹ chá»‰ Ä‘ang trong 2 thÃ¡ng thá»­ viá»‡c nhÆ°ng cáº£m tháº¥y khÃ³ khÄƒn quÃ¡. CÃ´ng viá»‡c Ä‘áº§u tiÃªn sau khi tá»‘t nghiá»‡p nÃªn má»i thá»© cá»© bá»¡ ngá»¡ quÃ¡. Cá»© lÃ m sai mÃ£i rá»“i láº¡i stress. KhÃ¡ch dÃ­ cÃ ng nhiá»u cÃ ng sai. Cáº£m tháº¥y báº£n thÃ¢n vÃ´ dá»¥ng quÃ¡.,21/02/2025 17:41,https://www.threads.net/@moonstone3172/post/DGVPY-5TX19,worthlessness,tháº¥y báº£n thÃ¢n vÃ´ dá»¥ng quÃ¡ chá»«ng,0
_alieeece,"Khá»§ng hoáº£ng tuá»•i 22 ChÆ°a tÃ¬m Ä‘Æ°á»£c cho mÃ¬nh 1 Ä‘á»‹nh hÆ°á»›ng rÃµ rÃ ng, chÆ°a cÃ³ cÃ´ng viá»‡c á»•n Ä‘á»‹nh, chÆ°a thá»ƒ tá»± lo cho báº£n thÃ¢n vÃ  váº«n luÃ´n khiáº¿n bá»‘ máº¹ lo láº¯ng. TÃ¬nh yÃªu thÃ¬ nháº¡t dáº§n, ráº¥t Ã­t sá»± quan tÃ¢m, khÃ´ng cÃ²n lÃ£ng máº¡n. Dáº¡o nÃ y mÃ¬nh bá»‹ stress, báº¥t lá»±c, tá»± ti vá» báº£n thÃ¢n ráº¥t nhiá»u áº¥y, cáº£m tháº¥y mÃ¬nh bá»‹ vÃ´ dá»¥ng nÃªn mÃ¬nh báº¯t Ä‘áº§u co láº¡i, dáº§n dáº§n ngáº¡i gáº·p ngÆ°á»i quen. Nhiá»u láº§n CV bá»‹ tá»« chá»‘i, Ä‘i Phá»ng váº¥n ko pass, thá»­ viá»‡c Ä‘Æ°á»£c 1 tuáº§n thÃ¬ bá»‹ cÃ´ng ty cho ngÆ°ng,... sao mÃ  má»i thá»© khÃ³ khÄƒn vá»›i mÃ¬nh quÃ¡.",20/05/2025 22:58,https://www.threads.net/@_alieeece/post/DJ4ZlFkyltt,worthlessness,tháº¥y báº£n thÃ¢n vÃ´ dá»¥ng quÃ¡ chá»«ng,0
uinstagr,"MÃ¬nh hÆ¡i tháº¥t vá»ng vá» báº£n thÃ¢n mÃ¬nh Ã­. LÃºc nÃ o cÅ©ng cáº£m tháº¥y vÃ´ dá»¥ng vÄ‘ CÃ´ng viá»‡c, gia Ä‘Ã¬nh, kinh táº¿ má»i thá»© Ã¬ Ã  Ã¬ áº¡ch MÃ¬nh 30 rá»“i mÃ¬nh cÅ©ng k muá»‘n phÃ­ quÃ£ng thá»i gian. Nma mÃ¬nh cÅ©ng cháº£ biáº¿t báº¯t Ä‘áº§u tá»« Ä‘Ã¢u. Suy nghÄ© hoÃ i má»‡t quÃ¡",09/08/2024 9:13,https://www.threads.net/@uinstagr/post/C-bpc5vz9o9,worthlessness,tháº¥y báº£n thÃ¢n vÃ´ dá»¥ng quÃ¡ chá»«ng,0
panh18031005,Tháº­t sá»± cáº£m tháº¥y báº¥t lá»±c vÃ´ cÃ¹ng. NhÃ³m kia fan Ä‘Ã´ng cÃ y view quÃ¡ khá»§ng. Tháº­t sá»± tháº¥y báº£n thÃ¢n quÃ¡ vÃ´ dá»¥ng ko Ä‘áº©y bÃ i lÃªn top cao hÆ¡n Ä‘Æ°Æ¡c. NhÆ°ng dÃ¹ tháº¿ nÃ o em cÅ©ng sáº½ cá»‘ háº¿t sá»©c vote cho anh. Anh cá»© tiáº¿p tá»¥c tiáº¿n vá» phÃ­a trÆ°á»›c á»Ÿ phÃ­a sau bá»n em sáº½ ná»• lá»±c Support cho anh.,28/08/2024 16:01,https://www.threads.net/@panh18031005/post/C_NTOW8TzXL,worthlessness,tháº¥y báº£n thÃ¢n vÃ´ dá»¥ng quÃ¡ chá»«ng,0
cacontapboii,"GÃ³c tráº£i lÃ²ng Tui má»›i vá»«a ra trÆ°á»ng Ã¡ máº¥y bÃ . Äang lÃºc kiáº¿m viá»‡c cÃ¡i tháº¥y mÃ¬nh vÃ´ dá»¥ng quÃ¡ Ä‘i, tá»« nhá» tá»›i lá»›n má»i viá»‡c trong nhÃ  Ä‘á»u cÃ³ ba, máº¹, anh 2 lÃ m cho háº¿t, tui chá»‰ viá»‡c há»c rá»“i ra trÆ°á»ng kiáº¿m má»™t cÃ´ng viá»‡c lÃ m á»•n Ä‘á»‹nh lo cho báº£n thÃ¢n cÅ©ng khÃ´ng xong.",06/02/2025 21:39,https://www.threads.net/@cacontapboii/post/DFvCo3DPwUL,worthlessness,tháº¥y báº£n thÃ¢n vÃ´ dá»¥ng quÃ¡ chá»«ng,1
mlemlemtea,"Sr m.n vÃ¬ lÃ  acc xÃ m l. NhÆ°ng tÃ´i buá»“n quÃ¡. Sau 1 tuáº§n thá»­ viá»‡c thÃ¬ há» gá»i há»p riÃªng tÃ´i vÃ  báº£o ráº±ng tÃ´i lÃ m cháº­m, náº¿u mÃ  cÃ²n ntn thÃ¬ há» sáº½ Ä‘Ã¡nh tÃ´i out. Giá» tÃ´i chá»‰ toÃ n lÃ  hoÃ i nghi chÃ­nh báº£n thÃ¢n mÃ¬nh: KhÃ´ng cÃ³ nÄƒng lá»±c, vÃ´ dá»¥ng Äiá»u buá»“n hÆ¡n lÃºc cÃ´ng ty sá»§i phá»ng váº¥n lÃ  nÄƒng lá»±c cá»§a mÃ¬nh khÃ´ng tá»›i vÃ  bá»‹ out. TÃ´i cháº£ biáº¿t ná»¯a, giá» tÃ´i tháº¥y Ä‘uá»‘i vÃ  tÃ´i cháº£ muá»‘n lÃ m gÃ¬.",10/10/2024 19:27,https://www.threads.net/@mlemlemtea/post/DA8Y-29znAz,worthlessness,tháº¥y báº£n thÃ¢n vÃ´ dá»¥ng quÃ¡ chá»«ng,1
thanhlyhangthietke,"ThÃ¡ng3: nghá»‰ vc vÃ¬ muá»‘n Ä‘i tÃ¬m cv má»›i phÃ¡t triá»ƒn mÃ¬nh hÆ¡n ThÃ¡ng4: chill chill ko tÃ¬m vc ThÃ¡ng 5,6,7 chuá»—i ngÃ y tráº§m cáº£m ráº£i CV Pv ko chá»— nÃ o nháº­n :) sÃ¡ng dáº­y stress gáº¥p 10 ThÃ¡ng 8: lÆ°á»i hÆ¡n, cáº£m tháº¥y báº£n thÃ¢n vÃ´ dá»¥ng, gia Ä‘Ã¬nh chá»­i vÃ¬ ko cv ko ck con má»‡t má»i nhÆ°ng kb lÃ m gÃ¬ cáº£m tháº¥y mÃ¬nh vÃ´ dá»¥ng tháº­t sá»±ğŸ˜€ tÃ­nh xin láº¡i cty cÅ© quÃ¡",13/08/2024 11:13,https://www.threads.net/@thanhlyhangthietke/post/C-mKVPcTGUn,worthlessness,tháº¥y báº£n thÃ¢n vÃ´ dá»¥ng quÃ¡ chá»«ng,0
_yiuqlee_,"tá»§i thÃ¢n quÃ¡ Ã , lÃ m nhiá»u mÃ  kh dÆ° Ä‘Æ°á»£c bao nhiÃªu toÃ n bÃ¡o háº¡i lÃ  sao!! cáº£m tháº¥y báº£n thÃ¢n vÃ´ dá»¥ng vÃ´ cÃ¹ng ğŸ˜­ğŸ˜­",02/03/2025 23:09,https://www.threads.net/@_yiuqlee_/post/DGtADSivbPj,worthlessness,tháº¥y báº£n thÃ¢n vÃ´ dá»¥ng quÃ¡ chá»«ng,0
phdungdanglammkt_say2,"ÄI PHá»NG Váº¤N xin viá»‡c mÃ  ko biáº¿t giá»›i thiá»‡u báº£n thÃ¢n thÃ¬ má»i láº­p luáº­n phÃ­a sau lÃ  vÃ´ nghÄ©a nha cÃ¡c mom Sau máº¥y láº§n ""ngÃ³"" phÃ²ng tuyá»ƒn dá»¥ng thÃ¬ tui tháº¥y lÃ  cÃ²n ráº¥t nhiá»u báº¡n tráº£ lá»i cá»¥t ngá»§n tháº¿ nhá»‰, nÃ³i má»—i tÃªn vá»›i nÄƒm sinh...háº¿t??? Sau Ä‘Ã¢y lÃ  1 sá»‘ cÃ¡i tui lá»m Ä‘Æ°á»£c tá»« phÃ²ng HR, cÃ¡c mom tham kháº£o nheee: 1. TÃªn, nÄƒm sinh, trÆ°á»ng, chuyÃªn ngÃ nh 2. TrÆ°á»›c Ä‘Ã¢y e Ä‘Ã£ lÃ m cv ABC (chÆ°a Ä‘i lÃ m thÃ¬ nÃ³i vá» máº¥y hÄ‘ CLB cÅ©ng dc) >> em Ä‘Ã£ há»c há»i Ä‘Æ°á»£c nhá»¯ng ká»¹ nÄƒng... (liá»‡t kÃª ra, nhá»› lÃ ...xem thÃªm",22/12/2024 23:24,https://www.threads.net/@phdungdanglammkt_say2/post/DD4yIvyPJQi,worthlessness,tháº¥y báº£n thÃ¢n vÃ´ dá»¥ng quÃ¡ chá»«ng,0
_havy.annguyen_,"LÆ°á»›t threads tháº¥y nhiá»u bÃ  há»i cÃ¡ch giáº£m cÃ¢n nhanh quÃ¡ Ä‘á»ƒ tui chá»‰ cho nÃ¨, kinh nghiá»‡m tá»« 1 Ä‘á»©a Äƒn cho cá»‘ rá»“i lÃºc lÃªn cÃ¢n stress muá»‘n tháº¥t tÃ¬nh cho giáº£m liá»n. ÄÃ¢y lÃ  kinh nghiá»‡m tá»« báº£n thÃ¢n tui qua nhiá»u láº§n thá»­, nhanh hay cháº­m thÃ¬ cháº¯c tuá»³ cÆ¡ Ä‘á»‹a má»—i ngÆ°á»i nha, dÆ°á»›i Ä‘Ã¢y lÃ  1 vÃ i Ä‘iá»u t Ã¡p dá»¥ng, vá»›i t thÃ¬ t dá»… lÃªn cÃ¢n nma Ã¡p dá»¥ng cÃ¡ch nÃ y t sáº½ giáº£m khoáº£ng 2,3 cÃ¢n cho 1 tuáº§n.",28/05/2024 11:12,https://www.threads.net/@_havy.annguyen_/post/C7f4-K4P0cr,worthlessness,tháº¥y báº£n thÃ¢n vÃ´ dá»¥ng quÃ¡ chá»«ng,0
nhthienhan_,"Thiáº¿t nghÄ© Threads khÃ´ng nÃªn ra Ä‘á»i. Tá»« ngÃ y sá»­ dá»¥ng xong cáº£m tháº¥y báº£n thÃ¢n lÃºc nÃ o cÅ©ng bá»‹ vÃ¢y quanh vá»›i nhá»¯ng suy nghÄ© tiÃªu cá»±c vÃ  con ngÆ°á»i toxic. Biáº¿t lÃ  cuá»™c sá»‘ng kháº¯c nghiá»‡t rá»“i, nhma tháº­m chÃ­ cÃ³ nhá»¯ng ngÆ°á»i káº» tá»•n thÆ°Æ¡ng láº¡i muá»‘n tá»•n thÆ°Æ¡ng ngÆ°á»i khÃ¡c luÃ´n áº¥y =))))))) Sao mÃ  cÃ¡i app gÃ¬ toxic quÃ¡ trá»i. Kiá»ƒu Ä‘ang cÃ³ 1 ngÃ y vui váº» mÃ  vÃ´ lÆ°á»›t threads xong cháº¯c tao tráº§m cáº£m luÃ´n? MÃ  Ä‘á»©a tráº§m cáº£m lÆ°á»›t xong cháº¯c ğŸ’€ luÃ´n. Ã kiáº¿n cÃ¡ nhÃ¢n, Ä‘á»c khÃ´ng lá»t máº¯t thÃ¬ block. Äá»«ng tranh cÃ£i nhiá»u lá»i.",01/10/2024 20:18,https://www.threads.net/@nhthienhan_/post/DAlTsZxSO4N,worthlessness,tháº¥y báº£n thÃ¢n vÃ´ dá»¥ng quÃ¡ chá»«ng,0
chuyenchuithue,Cáº£m tháº¥y báº£n thÃ¢n bá»‹ lá»£i dá»¥ng quÃ¡ ğŸ˜,20/04/2025 16:00,https://www.threads.net/@chuyenchuithue/post/DIqZ5HdBR8H,worthlessness,tháº¥y báº£n thÃ¢n vÃ´ dá»¥ng quÃ¡ chá»«ng,0
soholacapmanhinh,Cáº£m tháº¥y báº£n thÃ¢n bá»‹ lá»£i dá»¥ng quÃ¡ ğŸ˜,09/12/2024 16:57,https://www.threads.net/@soholacapmanhinh/post/DDWnkvQSuEU,worthlessness,tháº¥y báº£n thÃ¢n vÃ´ dá»¥ng quÃ¡ chá»«ng,0
iuca.oo,"cho t tÃ¢m sá»± chÃºt nhÃ© t sá»£ t trÆ°á»£t Ä‘h quÃ¡, t cáº£m giÃ¡c t cÃ³ há»c Ä‘áº¿n máº¥y thÃ¬ cÅ©ng khÃ´ng Ä‘á»§ Ã½, kiá»ƒu cÃ¢u quen thÃ¬ t bt lm nma váº«n sai ngu nhÃ© cÃ²n máº¥y cÃ¢u chÆ°a gáº·p bao h t kh thá»ƒ tÆ° duy ná»•i. Ä‘iá»u t há»‘i háº­n nháº¥t lÃ  khÃ´ng xps mÃ  Ä‘á»ƒ Ä‘Ã¹n láº¡i cuá»‘i má»›i há»c má»›i tháº¥y nÃ³ náº·ng tháº¿ nÃ o, cáº£m tháº¥y cÃ³ lá»—i vá»›i báº£n thÃ¢n vÃ  gia Ä‘Ã¬nh vÃ´ cÃ¹ng. dÃ¹ tháº¿ thÃ¬ t váº«n sáº½ cá»‘ Ä‘áº¿n ngÃ y cuá»‘i cÃ¹ng Ä‘á»ƒ k pháº£i há»‘i háº­n thÃªm ná»¯a vÃ  cÃ¡c b 2k7 cÅ©ng váº­y nhÃ© Ä‘á»«ng náº£n lÃ²ng, chÃºc cÃ¡c b Ä‘á»— nv1, chÃºc cÃ¡c b sáº½ luÃ´n háº¡nh phÃºc vs lá»±a chá»n cá»§a mh.",20/05/2025 00:42,https://www.threads.net/@iuca.oo/post/DJ2ArU-SKP_,worthlessness,tháº¥y báº£n thÃ¢n vÃ´ dá»¥ng quÃ¡ chá»«ng,0
phi_pham90,"MÃ¬nh lÃ  HR 35 tuá»•i vá»«a tháº¥t nghiá»‡p sau 6 nÄƒm gáº¯n bÃ³ cho 1 cty. á» Ä‘á»™ tuá»•i nÃ y tháº­t sá»± chÃªnh vÃªnh máº¥t Ä‘á»‹nh hÆ°á»›ng. MÃ¬nh khÃ´ng biáº¿t nÃªn lÃ m gÃ¬ vÃ  Ä‘i vá» Ä‘Ã¢u. Nhiá»u Ä‘Ãªm suy nghÄ© khÃ´ng ngá»§ Ä‘Æ°á»£c. Báº¯t Ä‘áº§u cáº£m tháº¥y tá»± ti, hay cÃ¡u gáº¯t vÃ  overthinking. MÃ¬nh cáº£m tháº¥y báº£n thÃ¢n báº¥t lá»±c vÃ  vÃ´ dá»¥ng quÃ¡ má»i ngÆ°á»i áº¡.",13/02/2025 21:19,https://www.threads.net/@phi_pham90/post/DGBB-e3TvfE,worthlessness,tháº¥y báº£n thÃ¢n vÃ´ dá»¥ng quÃ¡ chá»«ng,0
minh.la.song.tu,LÃ m gÃ¬ Ä‘á»ƒ vÆ°á»£t qua cáº£m giÃ¡c tháº¥y báº£n thÃ¢n vÃ´ dá»¥ng khi khÃ´ng tÃ¬m Ä‘Æ°á»£c viá»‡c lÃ m á»Ÿ tuá»•i trÃªn 40.,13/05/2025 01:44,https://www.threads.net/@minh.la.song.tu/post/DJkGOPDTZsn,worthlessness,tháº¥y báº£n thÃ¢n vÃ´ dá»¥ng quÃ¡ chá»«ng,0
_ilyepyli,"CÃ³ ai cÃ³ cáº£m giÃ¡c nhÆ° mÃ¬nh khÃ´ng, kiá»ƒu mÃ¬nh tháº¥y báº£n thÃ¢n mÃ¬nh bá»‹ vÃ´ dá»¥ng Ã¡, mÃ¬nh khÃ´ng giá»i á»Ÿ lÄ©nh vá»±c nÃ o cáº£, mÃ¬nh cÅ©ng khÃ´ng tÃ¬m Ä‘Æ°á»£c Ä‘iá»ƒm máº¡nh cá»§a mÃ¬nh....gáº§n Ä‘Ã¢y mÃ¬nh cÃ³ há»c ngoáº¡i ngá»¯ nhÆ°ng mÃ  nÃ³ tháº­t sá»± khÃ³ vá»›i mÃ¬nh..mn cho mÃ¬nh xin lá»i khuyÃªn vá»›i áº¡.. mÃ¬nh tháº¥y mÆ¡ há»“ quÃ¡ ğŸ¥¹ğŸ¥¹",28/08/2024 23:17,https://www.threads.net/@_ilyepyli/post/C_OFFxhSisj,worthlessness,tháº¥y báº£n thÃ¢n vÃ´ dá»¥ng quÃ¡ chá»«ng,0
mang_cut20,CÃ³ bao giá» cban cáº£m tháº¥y máº¥t niá»m tin vÃ o chÃ­nh báº£n thÃ¢n kh? Cáº£m tháº¥y báº£n thÃ¢n mÃ¬nh vÃ´ dá»¥ng khÃ´ng? Threads â€¦ mÃ¬nh cÃ³,07/02/2025 1:02,https://www.threads.net/@mang_cut20/post/DFvZ6CaytMd,worthlessness,tháº¥y báº£n thÃ¢n vÃ´ dá»¥ng quÃ¡ chá»«ng,0
chippiuu_uii,"ÃŠ t tá»§i thÃ¢n vl, kiá»ƒu tháº¥y báº£n thÃ¢n vÃ´ dá»¥ng v áº¥y, cháº³ng biáº¿t má»¥c Ä‘Ã­ch sá»‘ng cá»§a t lÃ  j ná»¯a, xg kiá»ƒu t cÃ²n muá»‘n Ä‘Ã³ng bÄƒng báº£n thÃ¢n k muá»‘n má»Ÿ má»“m nch vs ai trg khi t lÃ  1 Ä‘á»©a ns nhiá»u vlğŸ˜•",03/05/2025 13:22,https://www.threads.net/@chippiuu_uii/post/DJLmM0Jzo3q,worthlessness,tháº¥y báº£n thÃ¢n vÃ´ dá»¥ng quÃ¡ chá»«ng,0
rhismylover,"mÃ¬nh láº¡i quay láº¡i acc nÃ y r, mÃ¬nh luÃ´n cá»‘ gáº¯ng Ä‘á»ƒ kh pháº£i qua Ä‘Ã¢y quÃ¡ thÆ°á»ng xuyÃªn, nhÆ°ng hÃ´m nay mÃ¬nh ráº¥t má»‡t, cÃ¡c job cá»§a mÃ¬nh thÆ°á»ng xuyÃªn kh suÃ´n sáº», cÃ¡c má»‘i quan há»‡ má» nháº¡t Ä‘áº¿n má»©c dÆ°á»ng nhÆ° kh thá»ƒ cÃ³ gÃ¬ gáº¯n káº¿t ná»•i, há»c hÃ nh chá»‰ á»Ÿ má»©c táº¡m cháº¥p nháº­n vÃ¬ tÃ¢m lÃ­ quÃ¡ báº¥t á»•n kh thá»ƒ táº­p trung lÃ m Ä‘áº¿n má»©c wow, muá»‘n Ä‘i tÃ¬m cÃ¡i khÃ¡c Ä‘á»ƒ vá»±c dáº­y tinh tháº§n cÅ©ng kh thá»ƒ, lÃºc nÃ o cÅ©ng cÃ³ ngÆ°á»i lÃ m tuá»™t mood, mÃ¬nh tháº¥y mÃ¬nh Ä‘ang dáº§n tuá»™t dá»‘c, mÃ¬nh tháº¥y báº£n thÃ¢n tháº­t vÃ´ dá»¥ng ğŸ¤–",28/04/2025 01:47,https://www.threads.net/@rhismylover/post/DI9et9ITh9F,worthlessness,tháº¥y báº£n thÃ¢n vÃ´ dá»¥ng quÃ¡ chá»«ng,0
quynh._.123,MÃ¬nh cÃ³ nÃªn nghá»‰ lÃ m khÃ´ng nhá»‰???? SÃ¡ng nay thá»©c dáº­y nhÆ°ng mÃ¬nh láº¡i khÃ´ng muá»‘n rá»i khá»i giÆ°á»ng. Má»—i ngÃ y Ä‘i lÃ m lÃ  Ä‘á»u há»i â€œHÃ´m nay mÃ¬nh cÃ³ nÃªn nghá»‰ lÃ m khÃ´ng?â€ DÃ¹ chá»‰ Ä‘ang trong 2 thÃ¡ng thá»­ viá»‡c nhÆ°ng cáº£m tháº¥y khÃ³ khÄƒn quÃ¡. CÃ´ng viá»‡c Ä‘áº§u tiÃªn sau khi tá»‘t nghiá»‡p nÃªn má»i thá»© cá»© bá»¡ ngá»¡ quÃ¡. Cá»© lÃ m sai mÃ£i rá»“i láº¡i stress. KhÃ¡ch dÃ­ cÃ ng nhiá»u cÃ ng sai. Cáº£m tháº¥y báº£n thÃ¢n vÃ´ dá»¥ng quÃ¡.,07/02/2025 6:55,https://www.threads.net/@quynh._.123/post/DFwCS0SzP3O,worthlessness,tháº¥y báº£n thÃ¢n vÃ´ dá»¥ng quÃ¡ chá»«ng,0
anbinh.psytherapy,"/máº©u chuyá»‡n vá»¥n váº·t: nhÃ  tÃ¢m lÃ½ - thÃ¢n chá»§/ thÃ¢n chá»§: ""Em ghÃ©t báº£n thÃ¢n mÃ¬nh. LÃºc nÃ o em cÅ©ng lÃ m há»ng má»i thá»©."" tÃ´i: ""Náº¿u ngÆ°á»i báº¡n thÃ¢n nÃ³i vá»›i em ráº±ng báº¡n cáº£m tháº¥y mÃ¬nh vÃ´ dá»¥ng, em sáº½ nÃ³i gÃ¬?"" thÃ¢n chá»§: ""Em sáº½ báº£o há» Ä‘á»«ng tá»± trÃ¡ch, ráº±ng ai cÅ©ng cÃ³ lÃºc sai láº§m."" tÃ´i: ""Váº­y táº¡i sao em láº¡i nghÄ© mÃ¬nh khÃ´ng Ä‘Ã¡ng nháº­n Ä‘iá»u Ä‘Ã³?"" . Em cÃ³ thá»ƒ luÃ´n dá»‹u dÃ ng vá»›i ngÆ°á»i khÃ¡c, nhÆ°ng láº¡i quÃ¡ kháº¯t khe vá»›i chÃ­nh mÃ¬nh. . Em cÅ©ng xá»©ng Ä‘Ã¡ng Ä‘Æ°á»£c tháº¥u hiá»ƒu, Ä‘Æ°á»£c bao dungâ€¦ ngay cáº£ tá»« chÃ­nh báº£n thÃ¢n mÃ¬nh.",27/02/2025 11:40,https://www.threads.net/@anbinh.psytherapy/post/DGkCy46ogcJ,worthlessness,tháº¥y báº£n thÃ¢n vÃ´ dá»¥ng quÃ¡ chá»«ng,0
baalzebuild,"bÃ  thy báº£ nÃ³i báº£ cáº£m tháº¥y báº£n thÃ¢n ""bá»‹ vÃ´ dá»¥ng"" xong plap báº£ Ä‘á»•i sáº¯c, báº£ gáº¯t liá»n!!! hong cÃ³ Ä‘Æ°á»£c nghÄ© v nha trá»i ğŸ¥¹",11/05/2025 21:45,https://www.threads.net/@baalzebuild/post/DJhGD7zhOD9,worthlessness,tháº¥y báº£n thÃ¢n vÃ´ dá»¥ng quÃ¡ chá»«ng,0
quynhyen.09,"MÃ¬nh tá»± lÃ m Ä‘au báº£n thÃ¢n má»—i khi cáº£m tháº¥y báº£n thÃ¢n vÃ´ dá»¥ng MÃ¬nh tháº¥y bÆ°á»›c tiáº¿p vá»›i ai mÃ¬nh cÅ©ng Ä‘á»u khÃ´ng cÃ³ káº¿t quáº£ MÃ¬nh im láº·ng má»—i khi tháº¥y khÃ´ng á»•n vÃ  cá»‘ Ä‘áº©y má»i ngÆ°á»i ra xa vÃ  giam mÃ¬nh láº¡i cho tá»›i khi Ä‘á»¡ hÆ¡n cÃ³ láº½ vÃ¬ Ä‘iá»u Ä‘Ã³, mÃ  mÃ¬nh luÃ´n lÃ  lÃ­ do khiáº¿n má»i má»‘i quan há»‡ tan vá»¡... MÃ¬nh cáº£m tháº¥y yÃªu Ä‘Æ°Æ¡ng khÃ´ng há»£p vá»›i mÃ¬nh. Cre: ily_elv1",13/10/2024 23:30,https://www.threads.net/@quynhyen.09/post/DBEjKm_S4T8,worthlessness,tháº¥y báº£n thÃ¢n vÃ´ dá»¥ng quÃ¡ chá»«ng,0
hoinguoingangnguocvietnam,Cáº£m tháº¥y báº£n thÃ¢n bá»‹ lá»£i dá»¥ng quÃ¡ ğŸ˜,06/05/2025 10:21,https://www.threads.net/@hoinguoingangnguocvietnam/post/DJS_5RIS8HA,worthlessness,tháº¥y báº£n thÃ¢n vÃ´ dá»¥ng quÃ¡ chá»«ng,0
sohctiee_24,"MÃ¬nh lÃ  má»™t Ä‘á»©a vá»«a nhu nhÆ°á»£c, vá»«a nhÃºt nhÃ¡t. MÃ¬nh cáº£m tháº¥y báº£n thÃ¢n vÃ´ dá»¥ng quÃ¡ áº¥y. Kiá»ƒu nhÆ° lÃ  sá»£ Ä‘Ã¡m Ä‘Ã´ng, ko dÃ¡m báº¯t chuyá»‡n vá»›i báº¡n má»›i uii nÃ³i chung giá» lÃ m sao Ä‘á»ƒ thay Ä‘á»•i Ä‘Ã¢y huhu",19/08/2024 21:51,https://www.threads.net/@sohctiee_24/post/C-2wIfhyfF-,worthlessness,tháº¥y báº£n thÃ¢n vÃ´ dá»¥ng quÃ¡ chá»«ng,1
toilaceline,"Báº¡n cá»© nghÄ© ráº±ng mÃ¬nh Ä‘ang Ä‘Ã²i há»i quÃ¡ nhiá»uâ€¦ cho Ä‘áº¿n khi gáº·p má»™t ngÆ°á»i, táº¥t cáº£ nhá»¯ng Ä‘iá»u dÃ nh cho báº¡n Ä‘á»u lÃ  láº½ tá»± nhiÃªn. KhÃ´ng do dá»±. KhÃ´ng khiáº¿n báº¡n cáº£m tháº¥y mÃ¬nh lÃ  gÃ¡nh náº·ng. Má»™t ngÆ°á»i láº¯ng nghe vÃ¬ tháº­t sá»± muá»‘n tháº¥u hiá»ƒu. Má»™t ngÆ°á»i an á»§i, xoa dá»‹u trÆ°á»›c khi báº¡n ká»‹p lÃªn tiáº¿ng. Má»™t ngÆ°á»i khiáº¿n má»i cá»‘ gáº¯ng trá»Ÿ nÃªn nháº¹ nhÃ ng nhÆ° hÆ¡i thá»Ÿ. VÃ  Ä‘Ã³ lÃ  lÃºc báº¡n nháº­n raâ€¦ báº¡n chÆ°a tá»«ng Ä‘Ã²i há»i quÃ¡ nhiá»u. Chá»‰ lÃ  báº¡n Ä‘Ã£ yÃªu nháº§m ngÆ°á»i. #toilaceline When Life Gives You Tangerines/Netflix",20/03/2025 17:11,https://www.threads.net/@toilaceline/post/DHatYolSyyc,worthlessness,tháº¥y mÃ¬nh lÃ  gÃ¡nh náº·ng,1
_eirlys3_,"Báº¡n cá»© nghÄ© ráº±ng mÃ¬nh Ä‘ang Ä‘Ã²i há»i quÃ¡ nhiá»uâ€¦ cho Ä‘áº¿n khi gáº·p má»™t ngÆ°á»i, táº¥t cáº£ nhá»¯ng Ä‘iá»u dÃ nh cho báº¡n Ä‘á»u lÃ  láº½ tá»± nhiÃªn. KhÃ´ng do dá»±. KhÃ´ng khiáº¿n báº¡n cáº£m tháº¥y mÃ¬nh lÃ  gÃ¡nh náº·ng. Má»™t ngÆ°á»i láº¯ng nghe vÃ¬ tháº­t sá»± muá»‘n tháº¥u hiá»ƒu. Má»™t ngÆ°á»i an á»§i, xoa dá»‹u trÆ°á»›c khi báº¡n ká»‹p lÃªn tiáº¿ng. Má»™t ngÆ°á»i khiáº¿n má»i cá»‘ gáº¯ng trá»Ÿ nÃªn nháº¹ nhÃ ng nhÆ° hÆ¡i thá»Ÿ. VÃ  Ä‘Ã³ lÃ  lÃºc báº¡n nháº­n raâ€¦ báº¡n chÆ°a tá»«ng Ä‘Ã²i há»i quÃ¡ nhiá»u. Chá»‰ lÃ  báº¡n Ä‘Ã£ yÃªu nháº§m ngÆ°á»i.",25/05/2025 15:45,https://www.threads.net/@_eirlys3_/post/DKEgBUbzM4Y,worthlessness,tháº¥y mÃ¬nh lÃ  gÃ¡nh náº·ng,0
sulyy_lovestrawberi,"Báº¡n cá»© nghÄ© ráº±ng mÃ¬nh Ä‘ang Ä‘Ã²i há»i quÃ¡ nhiá»uâ€¦ cho Ä‘áº¿n khi gáº·p má»™t ngÆ°á»i, táº¥t cáº£ nhá»¯ng Ä‘iá»u dÃ nh cho báº¡n Ä‘á»u lÃ  láº½ tá»± nhiÃªn. KhÃ´ng do dá»±. KhÃ´ng khiáº¿n báº¡n cáº£m tháº¥y mÃ¬nh lÃ  gÃ¡nh náº·ng. Má»™t ngÆ°á»i láº¯ng nghe vÃ¬ tháº­t sá»± muá»‘n tháº¥u hiá»ƒu. Má»™t ngÆ°á»i an á»§i, xoa dá»‹u trÆ°á»›c khi báº¡n ká»‹p lÃªn tiáº¿ng. Má»™t ngÆ°á»i khiáº¿n má»i cá»‘ gáº¯ng trá»Ÿ nÃªn nháº¹ nhÃ ng nhÆ° hÆ¡i thá»Ÿ. VÃ  Ä‘Ã³ lÃ  lÃºc báº¡n nháº­n raâ€¦ báº¡n chÆ°a tá»«ng Ä‘Ã²i há»i quÃ¡ nhiá»u. Chá»‰ lÃ  báº¡n Ä‘Ã£ yÃªu nháº§m ngÆ°á»i.",21/03/2025 21:57,https://www.threads.net/@sulyy_lovestrawberi/post/DHdy8Ulv91C,worthlessness,tháº¥y mÃ¬nh lÃ  gÃ¡nh náº·ng,0
trandungthanh1606,"â€œ Chá» Ä‘á»£i khÃ´ng pháº£i yÃªu thÆ°Æ¡ng, nhÆ°ng Ä‘á»ƒ yÃªu thÆ°Æ¡ng cháº¯c cháº¯n pháº£i chá» Ä‘á»£iâ€ Há»“i má»›i Ä‘i lÃ m, tÃ´i lÃ  kiá»ƒu nhÃ¢n viÃªn ai cÅ©ng ngÃ¡n: Há»i nhiá»u, lÃ m cháº­m, sai hoÃ i. Deadline thÃ¬ dÃ­ sÃ¡t, cÃ²n tÃ´i thÃ¬ xoay nhÆ° chong chÃ³ng. NhÆ°ng cÃ³ má»™t ngÆ°á»i khÃ´ng bao giá» há»‘i thÃºc tÃ´i â€“ mentor Ä‘áº§u tiÃªn trong Ä‘á»i tÃ´i. Chá»‹ khÃ´ng trÃ¡ch dÃ¹ tÃ´i biáº¿t rÃµ mÃ¬nh Ä‘ang cháº­m hÆ¡n táº¥t cáº£ má»i ngÆ°á»i. TÃ´i tá»«ng há»i ""Chá»‹ khÃ´ng tháº¥y em lÃ m gÃ¬ cÅ©ng cháº­m Ã ?"" Chá»‹ chá»‰ cÆ°á»i: â€œ Chá»‹ khÃ´ng giá»¥c vÃ¬ ai cÅ©ng cáº§n thá»i gian Ä‘á»ƒ quen vá»›i viá»‡c ....",21/05/2025 17:34,https://www.threads.net/@trandungthanh1606/post/DJ6ZTBWz2Ha,worthlessness,tháº¥y mÃ¬nh lÃ  gÃ¡nh náº·ng,0
nguyenlydiemmai,"Báº¡n cá»© nghÄ© ráº±ng mÃ¬nh Ä‘ang Ä‘Ã²i há»i quÃ¡ nhiá»uâ€¦ cho Ä‘áº¿n khi gáº·p má»™t ngÆ°á»i, táº¥t cáº£ nhá»¯ng Ä‘iá»u dÃ nh cho báº¡n Ä‘á»u lÃ  láº½ tá»± nhiÃªn. KhÃ´ng do dá»±. KhÃ´ng khiáº¿n báº¡n cáº£m tháº¥y mÃ¬nh lÃ  gÃ¡nh náº·ng. Má»™t ngÆ°á»i láº¯ng nghe vÃ¬ tháº­t sá»± muá»‘n tháº¥u hiá»ƒu. Má»™t ngÆ°á»i an á»§i, xoa dá»‹u trÆ°á»›c khi báº¡n ká»‹p lÃªn tiáº¿ng. Má»™t ngÆ°á»i khiáº¿n má»i cá»‘ gáº¯ng trá»Ÿ nÃªn nháº¹ nhÃ ng nhÆ° hÆ¡i thá»Ÿ. VÃ  Ä‘Ã³ lÃ  lÃºc báº¡n nháº­n raâ€¦ báº¡n chÆ°a tá»«ng Ä‘Ã²i há»i quÃ¡ nhiá»u. Chá»‰ lÃ  báº¡n Ä‘Ã£ yÃªu nháº§m ngÆ°á»i. When Life Gives You Tangerines/Netflix",20/03/2025 10:15,https://www.threads.net/@nguyenlydiemmai/post/DHZ9wMKM7XD,worthlessness,tháº¥y mÃ¬nh lÃ  gÃ¡nh náº·ng,0
tringinwhite_,"Báº¡n cá»© nghÄ© ráº±ng mÃ¬nh Ä‘ang Ä‘Ã²i há»i quÃ¡ nhiá»uâ€¦ cho Ä‘áº¿n khi gáº·p má»™t ngÆ°á»i, táº¥t cáº£ nhá»¯ng Ä‘iá»u dÃ nh cho báº¡n Ä‘á»u lÃ  láº½ tá»± nhiÃªn. KhÃ´ng do dá»±. KhÃ´ng khiáº¿n báº¡n cáº£m tháº¥y mÃ¬nh lÃ  gÃ¡nh náº·ng. Má»™t ngÆ°á»i láº¯ng nghe vÃ¬ tháº­t sá»± muá»‘n tháº¥u hiá»ƒu. Má»™t ngÆ°á»i an á»§i, xoa dá»‹u trÆ°á»›c khi báº¡n ká»‹p lÃªn tiáº¿ng. Má»™t ngÆ°á»i khiáº¿n má»i cá»‘ gáº¯ng trá»Ÿ nÃªn nháº¹ nhÃ ng nhÆ° hÆ¡i thá»Ÿ. VÃ  Ä‘Ã³ lÃ  lÃºc báº¡n nháº­n raâ€¦ báº¡n chÆ°a tá»«ng Ä‘Ã²i há»i quÃ¡ nhiá»u. Chá»‰ lÃ  báº¡n Ä‘Ã£ yÃªu nháº§m ngÆ°á»i. When Life Gives You Tangerines/Netflix",20/03/2025 11:33,https://www.threads.net/@tringinwhite_/post/DHaGtJlyKuP,worthlessness,tháº¥y mÃ¬nh lÃ  gÃ¡nh náº·ng,0
_thn.nagh_,mÃ¬nh tá»± nhÃ¬n tháº¥y mÃ¬nh chÃ­nh lÃ  gÃ¡nh náº·ng cá»§a há»...,04/05/2025 21:51,https://www.threads.net/@_thn.nagh_/post/DJPFPTChG2a,worthlessness,tháº¥y mÃ¬nh lÃ  gÃ¡nh náº·ng,0
cunonmarketing,"LÆ°á»›t threads tÃ¬nh cá» tháº¥y Ä‘Æ°á»£c cÃ¢u nÃ³i nÃ y cá»§a báº¡n duke_dan.35 mÃ  cá»¥ non tháº¥y ráº¥t lÃ  insightful. Note vÃ´ sá»• tay idea Ä‘á»ƒ mai má»‘t cÃ³ lÃ m campaign nÃ o liÃªn quan thÃ¬ mÃ¬nh xÃ i hen: â€œâ€¦sau khi tá»‘t nghiá»‡p, chiáº¿c cáº·p sÃ¡ch cháº¥t Ä‘áº§y mÃ¡y tÃ­nh sÃ¡ch vá»Ÿ mÃ  mÃ¬nh tá»«ng mang Ä‘i há»c lÃ  gÃ¡nh náº·ng nháº¹ nháº¥t mÃ  mÃ¬nh cÃ³ trong Ä‘á»iâ€¦â€ Dá»±a trÃªn cÃ¢u nÃ³i nÃ y cÃ¹ng cá»¥ non tÃ¡ch nÃ³ thÃ nh insight- big idea- key mesage bÃªn dÆ°á»›i ğŸ‘‡ nhÃ©",06/09/2024 16:15,https://www.threads.net/@cunonmarketing/post/C_kgBSQvpam,worthlessness,tháº¥y mÃ¬nh lÃ  gÃ¡nh náº·ng,0
yij.yhj,TÃº khÃ³c vÃ¬ cáº£m tháº¥y mÃ¬nh lÃ  gÃ¡nh náº·ng cho nhÃ³m Minga khÃ³c vÃ¬ cÃ¡i tÃ´i quÃ¡ cao váº­y thÃ´i,09/09/2024 4:35,https://www.threads.net/@yij.yhj/post/C_q-Ry1Tcxi,worthlessness,tháº¥y mÃ¬nh lÃ  gÃ¡nh náº·ng,0
19diasecr,"Má»›i má»Ÿ lÃ²ng vá»›i bame Ä‘c xÃ­u, sÃ¡ng mÃ¬nh xin Ä‘i lÃªn trÆ°á»ng Ã´n bÃ i vÃ¬ chiá»u pháº£i thi kthp mÃ  ba mÃ¬nh láº¡i cho ráº±ng mÃ¬nh Ä‘ang trá»‘n trÃ¡nh cÃ´ng vc â€œm suá»‘t ngÃ y chá»‰ bt há»c thÃ´i Ã , má»Ÿ miá»‡ng ra lÃ  xin tiá»n há»c, á»Ÿ nhÃ  cÃ³ phá»¥ gÃ¬ Ä‘Ã¢u mÃ  xin tiá»nâ€. Tá»± nhiÃªn cáº£m tháº¥y mÃ¬nh lÃ  gÃ¡nh náº·ng gÄ‘, tháº­t ra mÃ¬nh cÃ³ Ä‘i lÃ m, mÃ¬nh lÃ m táº­n 2 job Ä‘á»ƒ ko pháº£i xin tiá»n tiÃªu, á»Ÿ nhÃ  vÃ¬ lÃ  chá»‹ cáº£ nÃªn mÃ¬nh luÃ´n cá»‘ gáº¯ng lÃ m vc nhÃ , chÄƒm em, bÃ¡n hÃ ng, dá»n hÃ ng phá»¥ gÄ‘,â€¦",23/12/2024 07:58,https://www.threads.net/@19diasecr/post/DD5tAvqz-wt,worthlessness,tháº¥y mÃ¬nh lÃ  gÃ¡nh náº·ng,1
imurzun.222,"Nháº­n ra cÆ¡ cháº¿ phÃ²ng vá»‡ cá»§a mÃ¬nh khi cáº£m tháº¥y báº£n thÃ¢n sáº¯p bá»‹ vá»©t bá» lÃ : Gáº¡t phÄƒng má»i cáº£m xÃºc mÃ¬nh tá»«ng cÃ³ vá»›i ngÆ°á»i Ä‘Ã³ vÃ  tá» ra ráº±ng há» cháº³ng lÃ  gÃ¬ háº¿t. VÃ¬ mÃ¬nh khÃ´ng muá»‘n tÃ¬nh cáº£m cá»§a mÃ¬nh lÃ  gÃ¡nh náº·ng cho ngÆ°á»i khÃ¡c nÃªn mÃ¬nh thá»ƒ hiá»‡n vá»›i há» ráº±ng há» Ä‘i cÅ©ng khÃ´ng sao, mÃ¬nh váº«n á»•n (no, i'm not).",30/11/2024 20:08,https://www.threads.net/@imurzun.222/post/DC_yRqEh30X,worthlessness,tháº¥y mÃ¬nh lÃ  gÃ¡nh náº·ng,0
langofficial.vn,"Báº¡n cá»© nghÄ© ráº±ng mÃ¬nh Ä‘ang Ä‘Ã²i há»i quÃ¡ nhiá»u cho Ä‘áº¿n khi gáº·p má»™t ngÆ°á»i, táº¥t cáº£ nhá»¯ng Ä‘iá»u dÃ nh cho báº¡n Ä‘á»u lÃ  láº½ tá»± nhiÃªn. KhÃ´ng do dá»±, khÃ´ng khiáº¿n báº¡n cáº£m tháº¥y mÃ¬nh lÃ  gÃ¡nh náº·ng. Má»™t ngÆ°á»i láº¯ng nghe vÃ¬ tháº­t sá»± muá»‘n tháº¥u hiá»ƒu. Má»™t ngÆ°á»i an á»§i, xoa dá»‹u trÆ°á»›c khi báº¡n ká»‹p lÃªn tiáº¿ng. Má»™t ngÆ°á»i khiáº¿n má»i cá»‘ gáº¯ng trá»Ÿ nÃªn nháº¹ nhÃ ng nhÆ° hÆ¡i thá»Ÿ. VÃ  Ä‘Ã³ lÃ  lÃºc báº¡n nháº­n ra báº¡n chÆ°a tá»«ng Ä‘Ã²i há»i quÃ¡ nhiá»u. Chá»‰ lÃ  báº¡n Ä‘Ã£ yÃªu nháº§m ngÆ°á»i.",21/03/2025 08:06,https://www.threads.net/@langofficial.vn/post/DHcT481PSdg,worthlessness,tháº¥y mÃ¬nh lÃ  gÃ¡nh náº·ng,0
him.nn__,"Tá»± nhiÃªn tÃ¢m tráº¡ng t Ä‘i xuá»‘ng cháº£ biáº¿t vÃ¬ Ä‘iá»u gÃ¬ ná»¯a, nÃªn lÃ  t sáº½ viáº¿t, viáº¿t Ä‘á»ƒ cáº£m tháº¥y á»•n hÆ¡n nhe. T tháº¥y lo láº¯ng vá»›i Ã¡p lá»±c quÃ¡, toÃ n lo máº¥y chuyá»‡n cháº£ pháº£i cá»§a mÃ¬nh áº¥y, mÃ  tháº­t ra cÅ©ng lÃ  cá»§a mÃ¬nh. t cÅ©ng muá»‘n lÃ m nma Ä‘ou pháº£i cá»© muá»‘n lÃ  Ä‘c, biáº¿t lÃ  mn, Ä‘áº·c biá»‡t lÃ  bá»‘ máº¹ t cÅ©ng sáº½ á»§ng há»™ vÃ  sp t háº¿t mÃ¬nh thoi nma t tá»± cáº£m tháº¥y mÃ¬nh lÃ  gÃ¡nh náº·ng áº¥y, huhu khÃ³ nÃ³i quÃ¡ğŸ˜­ t tá»± tháº¥y Ã¡p lá»±c vÃ  nÃ³ Ä‘Ã¨ náº·ng lÃªn t, Ä‘áº§u muá»‘n ná»• tung lÃªn máº¥t,",20/12/2024 22:53,https://www.threads.net/@him.nn__/post/DDzlCuQTmiI,worthlessness,tháº¥y mÃ¬nh lÃ  gÃ¡nh náº·ng,0
p.t.t.h_t,"MÃ¬nh khÃ´ng ngá»§ Ä‘Æ°á»£c, mÃ¬nh láº¡i báº¯t Ä‘áº§u suy nghÄ© nhiá»u. MÃ¬nh tháº¥y lo láº¯ng vá» táº¥t cáº£ má»i thá»©. MÃ¬nh cáº£m tháº¥y mÃ¬nh lÃ  gÃ¡nh náº·ng. Hmm mÃ¬nh nÃªn báº­n rá»™n hÆ¡n Ä‘á»ƒ khÃ´ng pháº£i nhÆ° nÃ y!",24/06/2024 03:46,https://www.threads.net/@p.t.t.h_t/post/C8knZy_y7gp,worthlessness,tháº¥y mÃ¬nh lÃ  gÃ¡nh náº·ng,0
tt.hannnnn,"Báº¡n cá»© nghÄ© ráº±ng mÃ¬nh Ä‘ang Ä‘Ã²i há»i quÃ¡ nhiá»uâ€¦ cho Ä‘áº¿n khi gáº·p má»™t ngÆ°á»i, táº¥t cáº£ nhá»¯ng Ä‘iá»u dÃ nh cho báº¡n Ä‘á»u lÃ  láº½ tá»± nhiÃªn. KhÃ´ng do dá»±. KhÃ´ng khiáº¿n báº¡n cáº£m tháº¥y mÃ¬nh lÃ  gÃ¡nh náº·ng. Má»™t ngÆ°á»i láº¯ng nghe vÃ¬ tháº­t sá»± muá»‘n tháº¥u hiá»ƒu. Má»™t ngÆ°á»i an á»§i, xoa dá»‹u trÆ°á»›c khi báº¡n ká»‹p lÃªn tiáº¿ng. Má»™t ngÆ°á»i khiáº¿n má»i cá»‘ gáº¯ng trá»Ÿ nÃªn nháº¹ nhÃ ng nhÆ° hÆ¡i thá»Ÿ. VÃ  Ä‘Ã³ lÃ  lÃºc báº¡n nháº­n raâ€¦ báº¡n chÆ°a tá»«ng Ä‘Ã²i há»i quÃ¡ nhiá»u. Chá»‰ lÃ  báº¡n Ä‘Ã£ yÃªu nháº§m ngÆ°á»i. When Life Gives You Tangerines",21/03/2025 20:08,https://www.threads.net/@tt.hannnnn/post/DHdmcLHJHn0,worthlessness,tháº¥y mÃ¬nh lÃ  gÃ¡nh náº·ng,0
strayitems,GÃ³c tháº­t lÃ²ng: Má»i ngÆ°á»i cÃ³ bao giá» cáº£m tháº¥y mÃ¬nh lÃ  gÃ¡nh náº·ng tÃ i chÃ­nh cá»§a ba máº¹ chÆ°a z ğŸ« ,16/01/2025 01:18,https://www.threads.net/@strayitems/post/DE2yQROTntN,worthlessness,tháº¥y mÃ¬nh lÃ  gÃ¡nh náº·ng,0
_chungtasaunay09,"Báº¡n cá»© nghÄ© ráº±ng mÃ¬nh Ä‘ang Ä‘Ã²i há»i quÃ¡ nhiá»uâ€¦ cho Ä‘áº¿n khi gáº·p má»™t ngÆ°á»i, táº¥t cáº£ nhá»¯ng Ä‘iá»u dÃ nh cho báº¡n Ä‘á»u lÃ  láº½ tá»± nhiÃªn. KhÃ´ng do dá»±. KhÃ´ng khiáº¿n báº¡n cáº£m tháº¥y mÃ¬nh lÃ  gÃ¡nh náº·ng. Má»™t ngÆ°á»i láº¯ng nghe vÃ¬ tháº­t sá»± muá»‘n tháº¥u hiá»ƒu. Má»™t ngÆ°á»i an á»§i, xoa dá»‹u trÆ°á»›c khi báº¡n ká»‹p lÃªn tiáº¿ng. Má»™t ngÆ°á»i khiáº¿n má»i cá»‘ gáº¯ng trá»Ÿ nÃªn nháº¹ nhÃ ng nhÆ° hÆ¡i thá»Ÿ. VÃ  Ä‘Ã³ lÃ  lÃºc báº¡n nháº­n raâ€¦ báº¡n chÆ°a tá»«ng Ä‘Ã²i há»i quÃ¡ nhiá»u. Chá»‰ lÃ  báº¡n Ä‘Ã£ yÃªu nháº§m ngÆ°á»i. ( When Life Gives You Tangerines )",19/03/2025 13:29,https://www.threads.net/@_chungtasaunay09/post/DHXvMkzzQDx,worthlessness,tháº¥y mÃ¬nh lÃ  gÃ¡nh náº·ng,0
jassyjane_,"HÃ´m nay tÃ´i quÃªn pass iCloud, áº¥n vÃ o QuÃªn máº­t kháº©u, cÃ¢u há»i Ä‘áº§u tiÃªn lÃ  Æ¯á»›c mÆ¡ cá»§a tÃ´i lÃ  gÃ¬? ÄÃ£ vÃ i nÄƒm láº­p nick, tÃ´i cÅ©ng cháº£ nhá»› há»“i Ä‘áº¥y mÃ¬nh tráº£ lá»i nhÆ° nÃ o. Tiá»n? Há»c váº¥n? Äá»‹a vá»‹? Táº¥t cáº£ Ä‘á»u k pháº£i. LÃºc Ä‘Ã³, tÃ´i nháº­n ra, k chá»‰ quÃªn máº­t kháº©u, tÃ´i quÃªn máº¥t cáº£ Æ°á»›c mÆ¡ cá»§a mÃ¬nh. May sao vá»£ tÃ´i Ä‘i ngang qua,xoa Ä‘áº§u tÃ´i nháº¹ nhÃ ng báº£o: ""Cháº³ng pháº£i Æ°á»›c mÆ¡ cá»§a em há»“i Ä‘Ã³ lÃ  cÆ°á»›i Thiá»u Báº£o TrÃ¢m hay sao? CÃ³ Ä‘Æ°á»£c chá»‹ rá»“i cÃ¡i quÃªn máº¥t ngÃ y xÆ°a tá»«ng thÃ­ch chá»‹ nhiá»u tháº¿ nÃ o Ã ? ThÃ´i láº¡i Äƒn cÆ¡m vá»›i chá»‹ nÃ o!""",25/01/2025 20:10,https://www.threads.net/@jassyjane_/post/DFP-9RgyWHA,worthlessness,tÃ´i cháº³ng lÃ  gÃ¬ ghÃª,0
truongtuyen312,"Ã nghÄ©a cá»§a ná»— lá»±c lÃ  gÃ¬ ??? LÃ  Ä‘á»ƒ nhÃ¬n tháº¥y tháº¿ giá»›i rá»™ng lá»›n hÆ¡n : lÃ  Ä‘Æ°á»£c tá»± do chá»n lá»±a cÆ¡ há»™i trong cuá»™c Ä‘á»i , lÃ  vÃ¬ sau nÃ y khÃ´ng pháº£i cÃºi Ä‘áº§u trÆ°á»›c nhá»¯ng ngÆ°á»i mÃ¬nh khÃ´ng thÃ­ch vÃ  cÃ²n lÃ  Ä‘á»ƒ khi ngÆ°á»i mÃ¬nh thÃ­ch xuáº¥t hiá»‡n báº£n thÃ¢n cháº³ng pháº£i Ä‘áº¿n ná»—i tá»± ti khÃ´ng ngáº©ng ná»•i Ä‘áº§u mÃ  trÃ n Ä‘áº§y tá»± tin máº¡nh dáº¡n tháº³ng tháº¯ng nÃ³i : "" TÃ´i biáº¿t báº¡n ráº¥t tá»‘t, nhÆ°ng tÃ´i khÃ´ng há» kÃ©m"" .",26/05/2025 11:47,https://www.threads.net/@truongtuyen312/post/DKGpkpcukTC,worthlessness,tÃ´i cháº³ng lÃ  gÃ¬ ghÃª,0
zfkfhfdll,"NghÄ© lÃ³ tá»§iâ€¦ Thin náº¯m huÃª Ä‘á»ƒ tráº£i thuá»‘ng má»™ mÃ  cÅ©ng khÃ´ng cho,lÃ m anh láº¡i lá»§i thá»§i lui daaaaağŸ¥¹ğŸ¥¹ğŸ¥¹ğŸ¤£",26/05/2025 13:26,https://www.threads.net/@zfkfhfdll/post/DKG07PFNPFL,worthlessness,tÃ´i cháº³ng lÃ  gÃ¬ ghÃª,0
gingatsucua7,"KhÃ´ng cÃ³ ATSH, cháº¯c cháº¯n tÃ´i sáº½ cháº³ng thá»ƒ yÃªu Quang Anh Rhyder Ä‘áº¿n tháº¿, dÃ¹ Ä‘Ã£ tá»«ng tháº¥y anh tá»« TVK hay tháº­m chÃ­ lÃ  biáº¿t Ä‘áº¿n á»Ÿ RV3, cÅ©ng sáº½ khÃ´ng vÃ o báº¥t cá»© má»™t FC nÃ o, gá»i mÃ¬nh báº±ng tÃªn FC, cháº³ng bao giá» biáº¿t tá»›i ""Ä‘u merch"" lÃ  gÃ¬, mÃ  váº«n chá»‰ lÃ  má»™t ngÆ°á»i bÃ¬nh thÆ°á»ng support nhá»¯ng nghá»‡ sÄ© mÃ¬nh thÃ­ch thÃ´i. Fan, ai cÅ©ng tá»«ng lÃ  ngÆ°á»i qua Ä‘Æ°á»ng, nhÆ°ng khoáº£ng kháº¯c RHYDER tháº­t sá»± tá»a sÃ¡ng trong No Far No Star vÃ  HÃ o Quang Ä‘Ã£ tháº­t sá»± Ä‘Ã¡nh gá»¥c má»™t ngÆ°á»i qua Ä‘Æ°á»ng nhÆ° tÃ´i, chá»‰ Ä‘á»ƒ Ä‘á»©ng láº¡i vÃ¬ má»™t ngÆ°á»iâš¡ï¸.",26/05/2025 15:32,https://www.threads.net/@gingatsucua7/post/DKHDSDzx0_J,worthlessness,tÃ´i cháº³ng lÃ  gÃ¬ ghÃª,0
racladangiu__,"TÃ´i khÃ´ng hiá»ƒu táº¡i sao chÃºng tÃ´i Ä‘ang lÃ  náº¡n nhÃ¢n cá»§a viá»‡c cÃ¡c báº¡n muá»‘n nÃ¢ng idol mÃ¬nh lÃªn Ä‘i dÃ¬m ngÆ°á»i khÃ¡c xuá»‘ng láº¡i thÃ nh chÃºng tÃ´i Ä‘i chÃª bai ngÆ°á»i khÃ¡c. ChÃºng tÃ´i khÃ´ng sai, Idol chÃºng tÃ´i cÃ ng khÃ´ng sai thÃ¬ cháº³ng cÃ³ viá»‡c gÃ¬ chÃºng tÃ´i pháº£i sá»£ cáº£ KhÃ´ng pháº£i lÃ  vÃ¬ má»™t vÃ i bá»™ pháº­n fan Ä‘i Ä‘á»¥ng cháº¡m trÆ°á»›c thÃ¬ idol má»›i bá»‹ rÃ©o Ã ? Lao vÃ o dÃ¬m nghá»‡ sÄ© khÃ¡c, bá»‹ fan ngÆ°á»i ta pháº£n á»©ng ngÆ°á»£c thÃ¬ khÃ³c lÃ³c, bÃ¡n tháº£m ğŸ™‚",08/05/2025 4:24,https://www.threads.net/@racladangiu__/post/DJXgntWzYGa,worthlessness,tÃ´i cháº³ng lÃ  gÃ¬ ghÃª,0
doranontop,"TÃŒNH Cáº¢M Cá»¦A DEFT Vá»šI FANS LÃ€ TÃŒNH YÃŠU Äáº¾N Tá»ª 2 PHÃA [Topic Ä‘Äƒng 21:08 ngÃ y 18/5/2025] TrÆ°á»›c Ä‘Ã¢y tá»«ng tá» ra cháº³ng cÃ³ gÃ¬ Ä‘áº·c biá»‡t: â€œCÃ³ gÃ¬ cáº§n táº¡m biá»‡t chá»©? Náº¿u má»™t ngÃ y tÃ´i Ä‘á»™t nhiÃªn biáº¿n máº¥t tá»©c lÃ  tÃ´i Ä‘Ã£ Ä‘i rá»“i.â€ NhÆ°ng tháº­t sá»± Ä‘áº¿n ngÃ y Ä‘Ã³, váº«n Ä‘áº·c biá»‡t má»Ÿ stream nÃ³i lá»i táº¡m biá»‡t vá»›i cÃ¡c fans. Máº¥y tháº±ng em nháº¯n chat toÃ n cÆ°á»i anh, nhÆ°ng fans thÃ¬ donate khen áº£nh khÃ´ng ngá»«ng. Láº§n sau gáº·p láº¡i sáº½ lÃ  khi nÃ o nhá»‰? MÃ¬nh nghÄ© sáº½ nhanh thÃ´i. ChÃºc Deft nháº­p ngÅ© háº¿t tháº£y bÃ¬nh an, thuáº­n buá»“m xuÃ´i giÃ³.",19/05/2025 00:18,https://www.threads.net/@doranontop/post/DJzZKaJzkLw,worthlessness,tÃ´i cháº³ng lÃ  gÃ¬ ghÃª,1
tsukiww_17,"Wonwoo láº¡i lÃ m tÃ´i khÃ³c ná»¯a rá»“iğŸ¥ºğŸ˜­ Hnay tÃ´i cháº³ng Ä‘Æ°á»£c nghá»‰ Ä‘á»ƒ Ä‘Ã³n sinh nháº­t, láº¡i cÃ²n vá» muá»™n hÆ¡n bthg. Tan lÃ m cáº§m Ä‘t lÃªn tháº¥y tin nháº¯n cá»§a @shu_shii gá»­i Ä‘áº¿n, chÆ°a ká»‹p má»Ÿ lÃ  tÃ´i biáº¿t cá»• gá»­i gÃ¬ rá»“i, tÃ´i biáº¿t hnay ai Ä‘áº¿n Ä‘Ã³n tÃ´i tan lÃ m rá»“iğŸ˜­ ÄÃºng lÃ  Ã’nu rá»“i, tui biáº¿t mÃ ğŸ˜­ğŸ˜­Chá»‰ lÃ  má»™t táº¥m áº£nh má» nhÆ°ng cÅ©ng cá»©u dá»—i má»™t ngÃ y má»‡t má»i cá»§a tÃ´i rá»“iğŸ¥º SEVENTEEN vÃ  CARAT hÃ´m nay Ä‘á»‰nh quÃ¡ğŸ˜­ğŸ˜­ğŸ˜­ TÃ´i yÃªu Wonwoo, tÃ´i yÃªu SEVENTEEN ğŸ˜­ğŸ˜­",25/05/2025 20:45,https://www.threads.net/@tsukiww_17/post/DKFCZx1Sqw_,worthlessness,tÃ´i cháº³ng lÃ  gÃ¬ ghÃª,0
lyphuong.hatech,"Sau concert All-Rounder sáº½ ráº¥t thÃ nh cÃ´ng vÃ  gÃ¢y tiáº¿ng vang nÃ y thÃ¬ liá»‡u Soobin Ä‘Ã£ Ä‘Æ°á»£c cÃ´ng nháº­n lÃ  sao háº¡ng S chÆ°a? Concert/liveshow cÃ¡ nhÃ¢n lÃ  má»™t dáº¥u má»‘c ráº¥t quan trá»ng Ä‘á»‘i vá»›i má»™t ca sá»¹. VÃ  thÃ´ng qua Ä‘Ã³, nÃ³ cÅ©ng minh chá»©ng ráº¥t nhiá»u Ä‘iá»u, truyá»n táº£i ráº¥t nhiá»u thÃ´ng Ä‘iá»‡p. MÃ¬nh tin concert nÃ y cÅ©ng tÃ¡c Ä‘á»™ng ráº¥t nhiá»u Ä‘áº¿n thá»‹ trÆ°á»ng Ã¢m nháº¡c Viá»‡t. Trong Ä‘Ã³ cÃ³ viá»‡c Ä‘á»‹nh vá»‹ láº¡i vá»‹ tháº¿ cá»§a cÃ¡ nhÃ¢n SB, tÃ¡c Ä‘á»™ng Ä‘áº¿n bá»©c tranh tá»•ng thá»ƒ Vbiz, tÃ¡c Ä‘á»™ng Ä‘áº¿n thá»‹ trÆ°á»ng live concert. Má»i ngÆ°á»i nghÄ© sao?",26/05/2025 14:44,https://www.threads.net/@lyphuong.hatech/post/DKG94hhxESs,worthlessness,tÃ´i cháº³ng lÃ  gÃ¬ ghÃª,0
iamhoap,"TÃ´i Ä‘Ã£ ngoÃ i 30 rá»“i máº¥y bÃ  áº¡. Káº¿t hÃ´n Ä‘Ã£ 4 nÄƒm. NhÆ°ng sao trong chuyá»‡n tÃ¬nh cáº£m tÃ´i váº«n ngá»‘k ngháº¿ch. TÃ´i Ä‘Ã£ háº¿t tÃ¬nh cáº£m vá»›i ngÆ°á»i tÃ´i gá»i lÃ  chá»“ng sau nhá»¯ng nÄƒm thÃ¡ng má»™t mÃ¬nh ná»— lá»±c váº¥t váº£ Ä‘á»ƒ cá»‘ gáº¯ng táº¡o ra má»™t tá»• áº¥m, cÃ²n vá»›i chá»“ng tÃ´i thÃ¬ vá»‘n cháº³ng hiá»ƒu hÃ´n nhÃ¢n lÃ  gÃ¬. TÃ´i thÃ¡o cháº¡y Ä‘áº¿n vÃ¹ng Ä‘áº¥t khÃ¡c, tÃ´i báº­n rá»™n, chÃºng tÃ´i cháº³ng cÃ²n trÃ² chuyá»‡n gÃ¬ máº¥y. TÃ´i cháº³ng quan tÃ¢m nhá»¯ng thá»© chá»“ng tÃ´i nÃ³i ná»¯a. TÃ´i Ä‘Ã£ thay Ä‘á»•i quÃ¡ khÃ¡c vá»›i con ngÆ°á»i nhiá»‡t tÃ¬nh vÃ´ tÆ° má»›i má»™t vÃ i nÄƒm trÆ°á»›c.",24/05/2025 04:10,https://www.threads.net/@iamhoap/post/DKArthIzVsj,worthlessness,tÃ´i cháº³ng lÃ  gÃ¬ ghÃª,0
aangocc_neee,"LÆ°á»›t gr cá»§a trÆ°á»ng má»™t há»“i mÃ  tháº¥y anh D up trong gr nhiá»u ghÃª, mÃ  há»“i Ä‘Ã³ lÃ  áº£nh má»›i vÃ o trÆ°á»ng luÃ´n Ä‘Ã³, áº£nh cÃ²n hÆ°á»›ng ná»™i ná»¯a. CÃ²n tÃ´i, mang tiáº¿ng hÆ°á»›ng lung tung mÃ  ngÃ y Ä‘áº§u vÃ o trÆ°á»ng miá»‡ng tÃ´i im nhÆ° háº¿n, khÃ´ng dÃ¡m hÃ³ hÃ© gÃ¬, mÃ£i Ä‘áº¿n lÃºc Ä‘i quÃ¢n sá»± má»›i thÃ¢n vá»›i cÃ¡c báº¡n :)))",25/05/2025 19:30,https://www.threads.net/@aangocc_neee/post/DKE5xYVh_DR,worthlessness,tÃ´i cháº³ng lÃ  gÃ¬ ghÃª,0
vann.youngju,"ğŸ¶: Má»i ngÆ°á»i cá»© so vá» trÃ¬nh Ä‘á»™ cá»§a th nÃ y nhÆ° tháº¿ nÃ o, trÃ¬nh Ä‘á»™ cá»§a ngÆ°á»i kia nhÆ° tháº¿ nÃ o, trÃ¬nh cao hÆ¡n ai, mÃ  mn quÃªn máº¥t cÃ¢u chuyá»‡n, Æ°á»›c mÆ¡ cá»§a má»—i ngÆ°á»i khÃ¡c nhau, Ä‘Ã­ch Ä‘áº¿n sáº½ khÃ¡c nhau thÃ´i. Báº¡n cháº¥m Ä‘iá»ƒm tui báº±ng thang Ä‘iá»ƒm gÃ¬, mÃ¬nh khÃ´ng quan tÃ¢m, mÃ¬nh chá»‰ quan tÃ¢m Ä‘Ã¢y lÃ  thang Ä‘iá»ƒm cá»§a tui nÃ¨, vÃ  tÃ´i sáº½ sá»‘ng theo cÃ¡i Ä‘Ã³... LÃ¢u lÃ¢u nghe láº¡i máº¥y Ä‘oáº¡n phá»ng váº¥n cá»§a Hiáº¿u thÃ­chh ghÃª, tháº¥m vá»›i tui ghÃª Ã¡ ğŸ¥¹",26/05/2025 18:38,https://www.threads.net/@vann.youngju/post/DKHYenfhUod,worthlessness,tÃ´i cháº³ng lÃ  gÃ¬ ghÃª,0
maria.ho1981,"TÃ´i nghÄ© ráº±ng khi cÃ´ áº¥y cÃ²n chia sáº½ nhá»¯ng Ä‘iá»u váº·t vÃ£nh cá»§a cÃ´ áº¥y cho báº¡n , nghÄ©a lÃ  báº¡n Ä‘ang ráº¥t quan trá»ng vá»›i cÃ´ áº¥y , Ä‘Ã³ lÃ  cÃ¡ch cÃ´ áº¥y káº¿t ná»‘i vá»›i báº¡n , nhÆ°ng náº¿u Ä‘iá»u Ä‘Ã³ lÃ m cho báº¡n cáº£m tháº¥y phiá»n lÃ²ng thÃ¬ Ä‘áº¿n má»™t lÃºc nÃ o Ä‘Ã³ báº¡n sáº½ cháº³ng nháº­n Ä‘Æ°á»£c báº¥t cá»© chia sáº½ nÃ o tá»« cÃ´ áº¥y ná»¯a , cÃ´ áº¥y cÃ³ tháº¿ tá»± cáº£m nháº­n vÃ  giáº£i quyáº¿t nÃ³ má»™t mÃ¬nh ráº¥t tá»‘t , lÃºc Ä‘Ã³ cÅ©ng lÃ  lÃºc báº¡n cháº³ng cÃ²n lÃ  gÃ¬ trong cÃ´ áº¥y ná»¯aâ€¦.",14/05/2025 09:38,https://www.threads.net/@maria.ho1981/post/DJnhTAnzppG,worthlessness,tÃ´i cháº³ng lÃ  gÃ¬ ghÃª,0
mythemoo,"KhÃ´ng tá»« gÃ¬ diá»…n táº£ Ä‘Æ°á»£c cÃ¡i cáº£m nghÄ© vá» BÃ¹i CÃ´ng Nam bÃ¢y giá» cáº£. Má»™t tháº§n tÆ°á»£ng Ä‘Ãºng nghÄ©a. HÃ£y tiáº¿p tá»¥c lan toáº£ nhá»¯ng Ä‘iá»u tuyá»‡t vá»i nÃ y nhÃ© cáº­u bÃ© nhá» vá»›i trÃ¡i tim khá»•ng lá»“ ğŸ’›ğŸ’›ğŸ’›. â€¦ Ngá»“i trong bÃ³ng tá»‘i, nhÃ¬n thá»i gian trÃ´i dÃ i LÃ  tÃ´i tháº¿ Ä‘áº¥y, tÃ´i tá»«ng nhÆ° tháº¿ nÃ y BÃ n chÃ¢n nhá» bÃ©, cháº³ng muá»‘n Ä‘i xa Sá»£ khi váº¥p tÃ©, tÃ´i cháº³ng thá»ƒ bÆ°á»›c qua VÃ  bÃ¢y giá» hÃ´m nay tÃ´i Ä‘á»©ng Ä‘Ã¢y Äá»ƒ thay lá»i con tim tÃ´i luÃ´n sáº½ chá»©ng minh thay Äiá»u ká»³ diá»‡u trong tÃ´i TÃ´i Ä‘Ã¢y tháº­t phi thÆ°á»ng TÃ´i bÃ¢y giá» Ä‘Ã¢y kiÃªn cÆ°á»ng â€¦",24/05/2025 09:10,https://www.threads.net/@mythemoo/post/DKBN-Z6SXnS,worthlessness,tÃ´i cháº³ng lÃ  gÃ¬ ghÃª,0
readmorebooks.everyday,"TrÆ°á»›c giá» tÃ´i cháº³ng há» sá»£ gÃ¬ cáº£. Tá»« khi cÃ³ Ä‘Æ°á»£c em thÃ¬ má»™t ná»•i sá»£ má»›i trong tÃ´i Ä‘Æ°á»£c hÃ¬nh thÃ nh lÃ  sá»£ má»™t ngÃ y nÃ o Ä‘Ã³ hai ta máº¥t nhau. Sá»£ tÃ´i cháº³ng cÃ²n tá»‘t vá»›i em ná»¯a. DÃ¹ tháº¿ nÃ o Ä‘i ná»¯a hai ta chá»‰ gáº·p nhau má»™t ngÃ y vÃ o má»—i tuáº§n, nhÆ°ng má»—i ngÃ y Ä‘Ã³ tÃ´i váº«n luÃ´n muá»‘n nÃ³ lÃ  ngÃ y tuyá»‡t nháº¥t, ngÃ y mÃ  tÃ´i cáº£m tháº¥y bÃ¬nh yÃªn nháº¥t Ä‘á»i khi cÃ³ em xuáº¥t hiá»‡n. Má»—i láº§n gáº·p tÃ´i láº¡i em yÃªu em thÃªm má»™t láº§n ná»¯a. TÃ´i yÃªu nhá»¯ng thá»© thuá»™c vá» em vÃ  cáº£ em. ChÃºc em ngá»§ ngon",26/05/2025 09:42,https://www.threads.net/@readmorebooks.everyday/post/DKGbV0hvj5j,worthlessness,tÃ´i cháº³ng lÃ  gÃ¬ ghÃª,0
lathang1197,"TÃ´i Ä‘aÌƒ gÆ°Ì‰i tin nhÄƒÌn cho page @allbelongstoatus 3 ngaÌ€y Ä‘ÃªÌ‰ hoÌ‰i nhÆ°ng page chÆ°a rep tÃ´i. ChÄƒÌc tÃ´i chÄƒÌ‰ng laÌ€ giÌ€ Ä‘ÃªÌ‰ page rep nhÆ°ng tÃ´i phaÌ‰i noÌi ra viÌ€ tÃ´i thÆ°Æ¡ng anh Atus quaÌ. <ÄaÌƒ chÄƒÌ£n chiÌnh quyÃªÌ€n> HÃ¢Ì£u trÆ°Æ¡Ì€ng laÌ€ nÆ¡i nghÃªÌ£ siÌƒ vaÌ€ ban tÃ´Ì‰ chÆ°Ìc laÌ€m viÃªÌ£c, nghiÌ‰ ngÆ¡i. Xin page haÌƒy tÃ´n troÌ£ng riÃªng tÆ° cuÌ‰a anh Atus trong hÃ¢Ì£u trÆ°Æ¡Ì€ng, Ä‘Æ°Ì€ng tiÌ€m caÌch Ä‘ÃªÌ‰ vaÌ€o Ä‘oÌ vaÌ€ Ä‘i theo anh Atus suÃ´Ìt nhÆ° vÃ¢Ì£y.",17/05/2025 10:36,https://www.threads.net/@lathang1197/post/DJvWUfDPboM,worthlessness,tÃ´i cháº³ng lÃ  gÃ¬ ghÃª,0
thanlanne,"â€œtÃ´i yÃªu phá»¥ ná»¯â€ khÃ´ng chá»‰ lÃ  1 cÃ¢u nÃ³i, cÅ©ng khÃ´ng pháº£i lÃ  cÃ¢u chá»¯ gÃ¬ quÃ¡ má»›i máº» nhÆ°ng nÃ³i má»™t cÃ¡i liá»n biáº¿t trendsetter lÃ  tá»« cá»™ng Ä‘á»“ng nÃ o. tá»± dÆ°ng giá» tháº¥y â€œngÆ°á»i ngoÃ i cá»™ng Ä‘á»“ngâ€ sá»­ dá»¥ng cÃ¡i tháº¥y láº¡ láº«m ghÃª =)))))) sá»­ dá»¥ng Ä‘Ãºng ngÆ°á»i Ä‘Ãºng thá»i Ä‘iá»ƒm nha chá»© Ä‘á»«ng cÃ³ báº¡ Ä‘Ã¢u xÃ i Ä‘Ã³ =))))))",02/05/2025 17:27,https://www.threads.net/@thanlanne/post/DJJdZYXhQuZ,worthlessness,tÃ´i cháº³ng lÃ  gÃ¬ ghÃª,0
kien_3009,"Giáº­t mÃ¬nh!!! TÃ´i cá»© tÆ°á»Ÿng DKZZ cáº§m page Thread cá»§a ATVNCG. Lá»i khuyÃªn: Äá»«ng Ä‘á»ƒ ğŸ†‘ï¸ ráº£nh rá»—i, vÃ¬ báº¡n sáº½ khÃ´ng biáº¿t há» cÃ³ thá»ƒ lÃ m nhá»¯ng gÃ¬ Ä‘Ã¢u! ÄÃ o lÃ², xuyÃªn khÃ´ng vá» nhá»¯ng ngÃ y tá»« thÃ¡ng 8.2024 Ä‘áº¿n cuá»‘i nÄƒm 2024 cháº³ng háº¡n. Cá»© xem pháº§n Ä‘Äƒng láº¡i cá»§a tÃ´i thÃ¬ biáº¿t, dÃ¹ tÃ´i lÃ  1 ğŸ“ thÆ° giÃ£n.",25/05/2025 13:44,https://www.threads.net/@kien_3009/post/DKESPNiTmXL,worthlessness,tÃ´i cháº³ng lÃ  gÃ¬ ghÃª,0
1sw4y__,PhÃ²ng trá» á»Ÿ SG bá»‹ áº£o giÃ¡ Ã  má»i ngÆ°á»i ? ğŸ˜ƒ má»™t cÄƒn phÃ²ng cháº³ng cÃ³ ná»™i tháº¥t gÃ¬ mÃ  giÃ¡ 3tr7 3tr8 má»™t phÃ²ng ?????? lÃ  bÃ¬nh thÆ°á»ng hay cháº¥t lÆ°á»£ng cuá»™c sá»‘ng ngÃ y cÃ ng cao váº­y nhá»‰ ? Muá»‘n á»Ÿ má»™t mÃ¬nh coi bá»™ khÃ³ ghÃª....,23/03/2025 22:34,https://www.threads.net/@1sw4y__/post/DHjAu_JSi7j,worthlessness,tÃ´i cháº³ng lÃ  gÃ¬ ghÃª,0
xin_chao_tui_la_vit._.day,"Sá»± giáº£i thoÃ¡t duy nháº¥t cá»§a tÃ´i lÃ  ngá»§. Khi ngá»§ tÃ´i khÃ´ng buá»“n, khÃ´ng giáº­n, khÃ´ng cÃ´ Ä‘Æ¡n, tÃ´i cháº³ng lÃ  gÃ¬ cáº£.",02/08/2024 0:58,https://www.threads.net/@xin_chao_tui_la_vit._.day/post/C-IvPBvSj7e,worthlessness,tÃ´i cháº³ng lÃ  gÃ¬ ghÃª,0
meizo.03,"tÃ´i lÃ  náº¡n nhÃ¢n cá»§a CHÃNH MÃŒNH! 2k3 - tháº¥t nghiá»‡p, ngá»“i khÃ´ng chá» láº¥y báº±ng. Tuy sáº¯p cáº§m Ä‘Æ°á»£c cÃ¡i báº±ng Marketing loáº¡i giá»i mÃ  cáº£m giÃ¡c nhÆ° mÃ¬nh cháº³ng biáº¿t gÃ¬ vá» ngÃ nh nÃ y luÃ´n. KhÃ´ng biáº¿t nÃªn á»©ng tuyá»ƒn vá»‹ trÃ­ nÃ o, cÅ©ng khÃ´ng rÃµ Ä‘iá»ƒm máº¡nh cá»§a mÃ¬nh lÃ  gÃ¬. TrÆ°á»›c Ä‘Ã¢y cÃ³ thá»­ lÃ m content rá»“i mÃ  tháº¥y mÃ¬nh khÃ´ng phÃ¹ há»£p, giá» khÃ´ng biáº¿t sao luÃ´n, ngÃ y nÃ o thá»©c dáº­y cÅ©ng stress mÃ  cá»© trÃ¬ hoÃ£n mÃ£i ğŸ˜‡",14/05/2025 21:43,https://www.threads.net/@meizo.03/post/DJo0St4vEdv,worthlessness,tÃ´i cháº³ng lÃ  gÃ¬ ghÃª,0
vi_panpu,Sau nÃ y tÃ´i má»›i hiá»ƒuâ€¦ NÃ³i chuyá»‡n Ä‘áº¿n 4h sÃ¡ng rá»“i cÅ©ng cháº³ng lÃ  gÃ¬ cá»§a nhau NÃªn lÃ  ngá»§ sá»›m Ä‘i máº¥y mÃ¡ Ä‘á»«ng Ä‘Ã¡nh Ä‘á»•i giáº¥c ngá»§ vÃ¬ 1 mqh k tÃªn ná»¯a ğŸ¤¡,22/04/2025 12:00,https://www.threads.net/@vi_panpu/post/DIvIDPdh_iT,worthlessness,tÃ´i cháº³ng lÃ  gÃ¬ ghÃª,0
